TIME_PERIOD,OBS_VALUE
4/1/2005,10.7255
4/4/2005,10.6626
4/5/2005,10.6022
4/6/2005,10.6436
4/7/2005,10.6957
4/8/2005,10.6096
4/11/2005,10.7354
4/12/2005,10.747
4/13/2005,10.6949
4/14/2005,10.6105
4/15/2005,10.6502
4/18/2005,10.7321
4/19/2005,10.7561
4/20/2005,10.8
4/21/2005,10.8075
4/22/2005,10.8232
4/25/2005,10.7313
4/26/2005,10.7437
4/27/2005,10.6932
4/28/2005,10.6808
4/29/2005,10.7239
5/2/2005,10.6461
5/3/2005,10.6403
5/4/2005,10.7206
5/5/2005,10.7214
5/6/2005,10.7156
5/9/2005,10.6138
5/10/2005,10.6386
5/11/2005,10.6618
5/12/2005,10.5699
5/13/2005,10.4574
5/16/2005,10.4416
5/17/2005,10.4582
5/18/2005,10.4458
5/19/2005,10.4632
5/20/2005,10.4342
5/23/2005,10.3854
5/24/2005,10.4425
5/25/2005,10.3986
5/26/2005,10.3647
5/27/2005,10.3878
5/30/2005,10.3225
5/31/2005,10.2058
6/1/2005,10.1205
6/2/2005,10.1495
6/3/2005,10.171
6/6/2005,10.1569
6/7/2005,10.1677
6/8/2005,10.2
6/9/2005,10.1296
6/10/2005,10.1213
6/13/2005,9.9831
6/14/2005,10.0228
6/15/2005,9.9889
6/16/2005,10.027
6/17/2005,10.0783
6/20/2005,10.1056
6/21/2005,10.0079
6/22/2005,10.0237
6/23/2005,9.9864
6/24/2005,9.9997
6/27/2005,10.0675
6/28/2005,10.0104
6/29/2005,9.9765
6/30/2005,10.0079
7/1/2005,10.0038
7/4/2005,9.8441
7/5/2005,9.835
7/6/2005,9.8598
7/7/2005,9.8962
7/8/2005,9.8523
7/11/2005,9.9368
7/12/2005,10.0692
7/13/2005,10.0841
7/14/2005,9.9873
7/15/2005,9.9922
7/18/2005,9.9765
7/19/2005,9.9029
7/20/2005,9.984
7/21/2005,9.8836
7/22/2005,9.8493
7/25/2005,9.7843
7/26/2005,9.7213
7/27/2005,9.7272
7/28/2005,9.8107
7/29/2005,9.8021
8/1/2005,9.903
8/2/2005,9.8997
8/3/2005,9.9758
8/4/2005,9.9817
8/5/2005,10.0372
8/8/2005,10.0308
8/9/2005,10.0259
8/10/2005,10.033
8/11/2005,10.0483
8/12/2005,10.0877
8/15/2005,10.0194
8/16/2005,9.9738
8/17/2005,9.9594
8/18/2005,9.8934
8/19/2005,9.874
8/22/2005,9.914
8/23/2005,9.9102
8/24/2005,9.8915
8/25/2005,9.9406
8/26/2005,9.9644
8/29/2005,9.9484
8/30/2005,9.8633
8/31/2005,9.8801
9/1/2005,10.028
9/2/2005,10.1501
9/5/2005,10.1452
9/6/2005,10.1004
9/7/2005,10.076
9/8/2005,10.0518
9/9/2005,10.0507
9/12/2005,9.9641
9/13/2005,9.9362
9/14/2005,9.9635
9/15/2005,9.8868
9/16/2005,9.901
9/19/2005,9.8214
9/20/2005,9.8314
9/21/2005,9.8914
9/22/2005,9.8869
9/23/2005,9.8047
9/26/2005,9.7366
9/27/2005,9.7144
9/28/2005,9.7426
9/29/2005,9.7626
9/30/2005,9.7444
10/3/2005,9.6562
10/4/2005,9.6602
10/5/2005,9.6675
10/6/2005,9.7598
10/7/2005,9.8269
10/10/2005,9.7748
10/11/2005,9.7233
10/12/2005,9.7139
10/13/2005,9.69
10/14/2005,9.7067
10/17/2005,9.723
10/18/2005,9.6582
10/19/2005,9.6704
10/20/2005,9.6706
10/21/2005,9.7159
10/24/2005,9.6646
10/25/2005,9.7219
10/26/2005,9.7518
10/27/2005,9.8086
10/28/2005,9.8124
10/31/2005,9.72
11/1/2005,9.7097
11/2/2005,9.6957
11/3/2005,9.7341
11/4/2005,9.6485
11/7/2005,9.5629
11/8/2005,9.4946
11/9/2005,9.491
11/10/2005,9.5092
11/11/2005,9.4577
11/14/2005,9.4677
11/15/2005,9.4322
11/16/2005,9.4391
11/17/2005,9.4524
11/18/2005,9.4404
11/21/2005,9.5472
11/22/2005,9.459
11/23/2005,9.5169
11/24/2005,9.5213
11/25/2005,9.5063
11/28/2005,9.4775
11/29/2005,9.5283
11/30/2005,9.5098
12/1/2005,9.4897
12/2/2005,9.4519
12/5/2005,9.5087
12/6/2005,9.5183
12/7/2005,9.4583
12/8/2005,9.503
12/9/2005,9.5182
12/12/2005,9.6318
12/13/2005,9.6296
12/14/2005,9.7057
12/15/2005,9.688
12/16/2005,9.6745
12/19/2005,9.669
12/20/2005,9.6525
12/21/2005,9.5884
12/22/2005,9.5492
12/23/2005,9.5776
12/27/2005,9.5693
12/28/2005,9.6192
12/29/2005,9.5438
12/30/2005,9.5204
1/2/2006,9.5438
1/3/2006,9.5834
1/4/2006,9.7512
1/5/2006,9.7524
1/6/2006,9.756
1/9/2006,9.7427
1/10/2006,9.7346
1/11/2006,9.7556
1/12/2006,9.7734
1/13/2006,9.7144
1/16/2006,9.7711
1/17/2006,9.7416
1/18/2006,9.7854
1/19/2006,9.7413
1/20/2006,9.7326
1/23/2006,9.9008
1/24/2006,9.8943
1/25/2006,9.9127
1/26/2006,9.8792
1/27/2006,9.8116
1/30/2006,9.7391
1/31/2006,9.7681
2/1/2006,9.7471
2/2/2006,9.7262
2/3/2006,9.7221
2/6/2006,9.6519
2/7/2006,9.6462
2/8/2006,9.6235
2/9/2006,9.6444
2/10/2006,9.6378
2/13/2006,9.5665
2/14/2006,9.5752
2/15/2006,9.5805
2/16/2006,9.5451
2/17/2006,9.5489
2/20/2006,9.6032
2/21/2006,9.5825
2/22/2006,9.559
2/23/2006,9.6242
2/24/2006,9.5682
2/27/2006,9.5314
2/28/2006,9.5493
3/1/2006,9.6098
3/2/2006,9.5838
3/3/2006,9.6617
3/6/2006,9.6595
3/7/2006,9.581
3/8/2006,9.5878
3/9/2006,9.5932
3/10/2006,9.5938
3/13/2006,9.5976
3/14/2006,9.6152
3/15/2006,9.6675
3/16/2006,9.6974
3/17/2006,9.7828
3/20/2006,9.7696
3/21/2006,9.7482
3/22/2006,9.6921
3/23/2006,9.6797
3/24/2006,9.6157
3/27/2006,9.6495
3/28/2006,9.6928
3/29/2006,9.6432
3/30/2006,9.7095
3/31/2006,9.7038
4/3/2006,9.6757
4/4/2006,9.7973
4/5/2006,9.8238
4/6/2006,9.8617
4/7/2006,9.759
4/10/2006,9.684
4/11/2006,9.6973
4/12/2006,9.7146
4/13/2006,9.7052
4/18/2006,9.8188
4/19/2006,9.8926
4/20/2006,9.8924
4/21/2006,9.8779
4/24/2006,9.9149
4/25/2006,9.9599
4/26/2006,9.9673
4/27/2006,9.9566
4/28/2006,10.0503
5/2/2006,10.1353
5/3/2006,10.1184
5/4/2006,10.0944
5/5/2006,10.1713
5/8/2006,10.2137
5/9/2006,10.1659
5/10/2006,10.2293
5/11/2006,10.1807
5/12/2006,10.3418
5/15/2006,10.2585
5/16/2006,10.2728
5/17/2006,10.3133
5/18/2006,10.239
5/19/2006,10.2328
5/22/2006,10.2312
5/23/2006,10.2954
5/24/2006,10.3104
5/25/2006,10.2382
5/26/2006,10.2652
5/29/2006,10.2424
5/30/2006,10.3077
5/31/2006,10.3186
6/1/2006,10.2155
6/2/2006,10.2794
6/5/2006,10.3788
6/6/2006,10.2966
6/7/2006,10.2527
6/8/2006,10.2102
6/9/2006,10.15
6/12/2006,10.0778
6/13/2006,10.0668
6/14/2006,10.0568
6/15/2006,10.0879
6/16/2006,10.1178
6/19/2006,10.0751
6/20/2006,10.0413
6/21/2006,10.1043
6/22/2006,10.0625
6/23/2006,10.0049
6/26/2006,10.0536
6/27/2006,10.0525
6/28/2006,10.0554
6/29/2006,10.0233
6/30/2006,10.1648
7/3/2006,10.2223
7/4/2006,10.2245
7/5/2006,10.228
7/6/2006,10.1829
7/7/2006,10.2142
7/10/2006,10.1899
7/11/2006,10.1792
7/12/2006,10.1669
7/13/2006,10.147
7/14/2006,10.1272
7/17/2006,10.029
7/18/2006,10.0268
7/19/2006,9.9886
7/20/2006,10.104
7/21/2006,10.1309
7/24/2006,10.0868
7/25/2006,10.0924
7/26/2006,10.0541
7/27/2006,10.1651
7/28/2006,10.094
7/31/2006,10.1753
8/1/2006,10.1728
8/2/2006,10.2017
8/3/2006,10.1951
8/4/2006,10.206
8/7/2006,10.24
8/8/2006,10.2368
8/9/2006,10.2738
8/10/2006,10.2483
8/11/2006,10.1893
8/14/2006,10.1477
8/15/2006,10.1819
8/16/2006,10.2197
8/17/2006,10.2628
8/18/2006,10.209
8/21/2006,10.2908
8/22/2006,10.2066
8/23/2006,10.211
8/24/2006,10.2295
8/25/2006,10.1794
8/28/2006,10.2025
8/29/2006,10.198
8/30/2006,10.2015
8/31/2006,10.22
9/1/2006,10.1936
9/4/2006,10.2026
9/5/2006,10.1824
9/6/2006,10.1631
9/7/2006,10.1097
9/8/2006,10.1049
9/11/2006,10.1122
9/12/2006,10.0992
9/13/2006,10.0764
9/14/2006,10.1097
9/15/2006,10.0678
9/18/2006,10.0646
9/19/2006,10.0426
9/20/2006,10.0476
9/21/2006,10.0872
9/22/2006,10.1504
9/25/2006,10.1138
9/26/2006,10.0424
9/27/2006,10.0229
9/28/2006,10.0388
9/29/2006,10.0066
10/2/2006,10.0264
10/3/2006,10.0675
10/4/2006,10.0256
10/5/2006,10.0548
10/6/2006,10.0098
10/9/2006,9.9557
10/10/2006,9.9191
10/11/2006,9.9277
10/12/2006,9.918
10/13/2006,9.9164
10/16/2006,9.8991
10/17/2006,9.9042
10/18/2006,9.9186
10/19/2006,9.936
10/20/2006,9.9714
10/23/2006,9.9181
10/24/2006,9.9105
10/25/2006,9.9407
10/26/2006,9.9907
10/27/2006,10.0064
10/30/2006,10.0131
10/31/2006,10.0032
11/1/2006,10.0428
11/2/2006,10.0521
11/3/2006,10.0442
11/6/2006,10.0106
11/7/2006,10.0439
11/8/2006,10.0497
11/9/2006,10.066
11/10/2006,10.1169
11/13/2006,10.093
11/14/2006,10.0885
11/15/2006,10.0656
11/16/2006,10.0787
11/17/2006,10.0554
11/20/2006,10.111
11/21/2006,10.0859
11/22/2006,10.1345
11/23/2006,10.1836
11/24/2006,10.2695
11/27/2006,10.2861
11/28/2006,10.3072
11/29/2006,10.3036
11/30/2006,10.3401
12/1/2006,10.378
12/4/2006,10.4176
12/5/2006,10.4272
12/6/2006,10.3848
12/7/2006,10.403
12/8/2006,10.3878
12/11/2006,10.3242
12/12/2006,10.3711
12/13/2006,10.3819
12/14/2006,10.3142
12/15/2006,10.2587
12/18/2006,10.2406
12/19/2006,10.2911
12/20/2006,10.3184
12/21/2006,10.3012
12/22/2006,10.3113
12/27/2006,10.2923
12/28/2006,10.2935
12/29/2006,10.2793
1/2/2007,10.3574
1/3/2007,10.3269
1/4/2007,10.2345
1/5/2007,10.2117
1/8/2007,10.1668
1/9/2007,10.1605
1/10/2007,10.1399
1/11/2007,10.1209
1/12/2007,10.0545
1/15/2007,10.0834
1/16/2007,10.0904
1/17/2007,10.0355
1/18/2007,10.0417
1/19/2007,10.0734
1/22/2007,10.0568
1/23/2007,10.1426
1/24/2007,10.1081
1/25/2007,10.0846
1/26/2007,10.0316
1/29/2007,10.0454
1/30/2007,10.0857
1/31/2007,10.0703
2/1/2007,10.1016
2/2/2007,10.0983
2/5/2007,10.031
2/6/2007,10.0473
2/7/2007,10.0623
2/8/2007,10.0659
2/9/2007,10.0773
2/12/2007,10.05
2/13/2007,10.1131
2/14/2007,10.1484
2/15/2007,10.1884
2/16/2007,10.1575
2/19/2007,10.1676
2/20/2007,10.1776
2/21/2007,10.1776
2/22/2007,10.1475
2/23/2007,10.1691
2/26/2007,10.2036
2/27/2007,10.242
2/28/2007,10.226
3/1/2007,10.2408
3/2/2007,10.1967
3/5/2007,10.1393
3/6/2007,10.1414
3/7/2007,10.1665
3/8/2007,10.1796
3/9/2007,10.1879
3/12/2007,10.1985
3/13/2007,10.2347
3/14/2007,10.201
3/15/2007,10.2422
3/16/2007,10.3082
3/19/2007,10.2912
3/20/2007,10.2878
3/21/2007,10.2808
3/22/2007,10.3158
3/23/2007,10.2991
3/26/2007,10.2647
3/27/2007,10.3218
3/28/2007,10.3173
3/29/2007,10.3171
3/30/2007,10.2951
4/2/2007,10.3373
4/3/2007,10.3277
4/4/2007,10.3244
4/5/2007,10.3297
4/10/2007,10.385
4/11/2007,10.3654
4/12/2007,10.4046
4/13/2007,10.449
4/16/2007,10.4784
4/17/2007,10.4722
4/18/2007,10.4839
4/19/2007,10.4952
4/20/2007,10.501
4/23/2007,10.4722
4/24/2007,10.4936
4/25/2007,10.5317
4/26/2007,10.5047
4/27/2007,10.5235
4/30/2007,10.4812
5/2/2007,10.4681
5/3/2007,10.4873
5/4/2007,10.4473
5/7/2007,10.4889
5/8/2007,10.4342
5/9/2007,10.4132
5/10/2007,10.4071
5/11/2007,10.3527
5/14/2007,10.406
5/15/2007,10.4064
5/16/2007,10.4275
5/17/2007,10.3677
5/18/2007,10.335
5/21/2007,10.3079
5/22/2007,10.2986
5/23/2007,10.3239
5/24/2007,10.2903
5/25/2007,10.286
5/28/2007,10.2848
5/29/2007,10.334
5/30/2007,10.2624
5/31/2007,10.287
6/1/2007,10.2749
6/4/2007,10.3153
6/5/2007,10.3401
6/6/2007,10.3183
6/7/2007,10.3028
6/8/2007,10.2187
6/11/2007,10.2342
6/12/2007,10.2004
6/13/2007,10.146
6/14/2007,10.1682
6/15/2007,10.1525
6/18/2007,10.229
6/19/2007,10.2097
6/20/2007,10.2287
6/21/2007,10.2069
6/22/2007,10.243
6/25/2007,10.2565
6/26/2007,10.251
6/27/2007,10.2381
6/28/2007,10.2553
6/29/2007,10.2816
7/2/2007,10.3333
7/3/2007,10.3291
7/4/2007,10.3425
7/5/2007,10.3642
7/6/2007,10.3343
7/9/2007,10.354
7/10/2007,10.3602
7/11/2007,10.4015
7/12/2007,10.4338
7/13/2007,10.4323
7/16/2007,10.4292
7/17/2007,10.4149
7/18/2007,10.4224
7/19/2007,10.4523
7/20/2007,10.4544
7/23/2007,10.4514
7/24/2007,10.4612
7/25/2007,10.3871
7/26/2007,10.3814
7/27/2007,10.3233
7/30/2007,10.3363
7/31/2007,10.3795
8/1/2007,10.3434
8/2/2007,10.3461
8/3/2007,10.3636
8/6/2007,10.4478
8/7/2007,10.4425
8/8/2007,10.4487
8/9/2007,10.3854
8/10/2007,10.3385
8/13/2007,10.3495
8/14/2007,10.2965
8/15/2007,10.2226
8/16/2007,10.1932
8/17/2007,10.2184
8/20/2007,10.2244
8/21/2007,10.2534
8/22/2007,10.2547
8/23/2007,10.2986
8/24/2007,10.3019
8/27/2007,10.326
8/28/2007,10.3252
8/29/2007,10.2896
8/30/2007,10.2633
8/31/2007,10.3404
9/3/2007,10.2844
9/4/2007,10.2525
9/5/2007,10.2585
9/6/2007,10.3042
9/7/2007,10.3261
9/10/2007,10.3758
9/11/2007,10.4001
9/12/2007,10.4437
9/13/2007,10.4373
9/14/2007,10.4172
9/17/2007,10.4393
9/18/2007,10.4319
9/19/2007,10.5001
9/20/2007,10.5428
9/21/2007,10.5418
9/24/2007,10.5997
9/25/2007,10.5953
9/26/2007,10.6164
9/27/2007,10.656
9/28/2007,10.6429
10/1/2007,10.6827
10/2/2007,10.6324
10/3/2007,10.6549
10/4/2007,10.5904
10/5/2007,10.6106
10/8/2007,10.5755
10/9/2007,10.5516
10/10/2007,10.6258
10/11/2007,10.6573
10/12/2007,10.6475
10/15/2007,10.7099
10/16/2007,10.638
10/17/2007,10.6719
10/18/2007,10.7401
10/19/2007,10.7274
10/22/2007,10.6367
10/23/2007,10.6972
10/24/2007,10.662
10/25/2007,10.706
10/26/2007,10.7845
10/29/2007,10.7566
10/30/2007,10.7632
10/31/2007,10.7818
11/1/2007,10.749
11/2/2007,10.7953
11/5/2007,10.8009
11/6/2007,10.8419
11/7/2007,10.9563
11/8/2007,10.8832
11/9/2007,10.8813
11/12/2007,10.8064
11/13/2007,10.8581
11/14/2007,10.9152
11/15/2007,10.8662
11/16/2007,10.8794
11/19/2007,10.8859
11/20/2007,10.9731
11/21/2007,10.9787
11/22/2007,10.995
11/23/2007,10.9675
11/26/2007,10.9807
11/27/2007,10.983
11/28/2007,10.9047
11/29/2007,10.8802
11/30/2007,10.9231
12/3/2007,10.8565
12/4/2007,10.9061
12/5/2007,10.8751
12/6/2007,10.7838
12/7/2007,10.8447
12/10/2007,10.8843
12/11/2007,10.8287
12/12/2007,10.8257
12/13/2007,10.8202
12/14/2007,10.6953
12/17/2007,10.6325
12/18/2007,10.6465
12/19/2007,10.6115
12/20/2007,10.5744
12/21/2007,10.5975
12/24/2007,10.5789
12/27/2007,10.6221
12/28/2007,10.7312
12/31/2007,10.7524
1/2/2008,10.7125
1/3/2008,10.7291
1/4/2008,10.7109
1/7/2008,10.7021
1/8/2008,10.6822
1/9/2008,10.6606
1/10/2008,10.6621
1/11/2008,10.742
1/14/2008,10.8013
1/15/2008,10.7806
1/16/2008,10.6982
1/17/2008,10.6488
1/18/2008,10.6266
1/21/2008,10.4799
1/22/2008,10.4925
1/23/2008,10.5399
1/24/2008,10.5996
1/25/2008,10.6026
1/28/2008,10.6192
1/29/2008,10.6284
1/30/2008,10.6508
1/31/2008,10.6793
2/1/2008,10.7037
2/4/2008,10.6597
2/5/2008,10.5511
2/6/2008,10.5037
2/7/2008,10.476
2/8/2008,10.4261
2/11/2008,10.447
2/12/2008,10.4441
2/13/2008,10.5019
2/14/2008,10.5167
2/15/2008,10.5396
2/18/2008,10.4827
2/19/2008,10.5523
2/20/2008,10.4697
2/21/2008,10.5234
2/22/2008,10.6041
2/25/2008,10.5974
2/26/2008,10.6468
2/27/2008,10.7444
2/28/2008,10.756
2/29/2008,10.786
3/3/2008,10.8004
3/4/2008,10.8054
3/5/2008,10.8015
3/6/2008,10.8855
3/7/2008,10.963
3/10/2008,10.8958
3/11/2008,10.9235
3/12/2008,10.9902
3/13/2008,11.0441
3/14/2008,11.0318
3/17/2008,11.1699
3/18/2008,11.1675
3/19/2008,11.0833
3/20/2008,10.8757
3/25/2008,10.968
3/26/2008,11.047
3/27/2008,11.0668
3/28/2008,11.0762
3/31/2008,11.0874
4/1/2008,10.9802
4/2/2008,10.9712
4/3/2008,10.8927
4/4/2008,11.0302
4/7/2008,10.9875
4/8/2008,10.9871
4/9/2008,11.0109
4/10/2008,11.0992
4/11/2008,11.0934
4/14/2008,11.1067
4/15/2008,11.0677
4/16/2008,11.1365
4/17/2008,11.0847
4/18/2008,11.0357
4/21/2008,11.1286
4/22/2008,11.1353
4/23/2008,11.1304
4/24/2008,11.0336
4/25/2008,10.9328
4/28/2008,10.9418
4/29/2008,10.8763
4/30/2008,10.8586
5/2/2008,10.8013
5/5/2008,10.8033
5/6/2008,10.8499
5/7/2008,10.7811
5/8/2008,10.7509
5/9/2008,10.8079
5/12/2008,10.7828
5/13/2008,10.8139
5/14/2008,10.8119
5/15/2008,10.8234
5/16/2008,10.8316
5/19/2008,10.8654
5/20/2008,10.9059
5/21/2008,10.9636
5/22/2008,10.9387
5/23/2008,10.9276
5/26/2008,10.9328
5/27/2008,10.95
5/28/2008,10.8722
5/29/2008,10.7894
5/30/2008,10.7657
6/2/2008,10.7607
6/3/2008,10.7982
6/4/2008,10.7319
6/5/2008,10.699
6/6/2008,10.7978
6/9/2008,10.9273
6/10/2008,10.7525
6/11/2008,10.7339
6/12/2008,10.6493
6/13/2008,10.5846
6/16/2008,10.6673
6/17/2008,10.666
6/18/2008,10.6624
6/19/2008,10.6472
6/20/2008,10.7398
6/23/2008,10.6691
6/24/2008,10.6951
6/25/2008,10.7092
6/26/2008,10.8004
6/27/2008,10.8066
6/30/2008,10.8051
7/1/2008,10.8155
7/2/2008,10.8319
7/3/2008,10.8828
7/4/2008,10.7486
7/7/2008,10.7507
7/8/2008,10.7472
7/9/2008,10.7758
7/10/2008,10.7487
7/11/2008,10.8216
7/14/2008,10.8473
7/15/2008,10.9069
7/16/2008,10.8218
7/17/2008,10.8111
7/18/2008,10.7816
7/21/2008,10.831
7/22/2008,10.8595
7/23/2008,10.7506
7/24/2008,10.7057
7/25/2008,10.7275
7/28/2008,10.765
7/29/2008,10.7209
7/30/2008,10.6429
7/31/2008,10.6651
8/1/2008,10.6565
8/4/2008,10.665
8/5/2008,10.6173
8/6/2008,10.5996
8/7/2008,10.6153
8/8/2008,10.339
8/11/2008,10.2948
8/12/2008,10.231
8/13/2008,10.219
8/14/2008,10.2262
8/15/2008,10.1188
8/18/2008,10.1031
8/19/2008,10.0765
8/20/2008,10.0996
8/21/2008,10.139
8/22/2008,10.1188
8/25/2008,10.1126
8/26/2008,9.9923
8/27/2008,10.0977
8/28/2008,10.0849
8/29/2008,10.0714
9/1/2008,9.9797
9/2/2008,9.9285
9/3/2008,9.8826
9/4/2008,9.9047
9/5/2008,9.7481
9/8/2008,9.7271
9/9/2008,9.6718
9/10/2008,9.6382
9/11/2008,9.5399
9/12/2008,9.6282
9/15/2008,9.6864
9/16/2008,9.7715
9/17/2008,9.7249
9/18/2008,9.9107
9/19/2008,9.7303
9/22/2008,9.952
9/23/2008,10.037
9/24/2008,10.024
9/25/2008,10.021
9/26/2008,10.0262
9/29/2008,9.8269
9/30/2008,9.7954
10/1/2008,9.6434
10/2/2008,9.5215
10/3/2008,9.4742
10/6/2008,9.3297
10/7/2008,9.2928
10/8/2008,9.3606
10/9/2008,9.3318
10/10/2008,9.2822
10/13/2008,9.3097
10/14/2008,9.405
10/15/2008,9.3086
10/16/2008,9.2249
10/17/2008,9.1603
10/20/2008,9.1685
10/21/2008,9.0096
10/22/2008,8.777
10/23/2008,8.7561
10/24/2008,8.6198
10/27/2008,8.538
10/28/2008,8.5665
10/29/2008,8.7436
10/30/2008,8.9133
10/31/2008,8.7252
11/3/2008,8.7678
11/4/2008,8.7638
11/5/2008,8.7879
11/6/2008,8.7155
11/7/2008,8.7066
11/10/2008,8.8002
11/11/2008,8.7
11/12/2008,8.5574
11/13/2008,8.5546
11/14/2008,8.6497
11/17/2008,8.6429
11/18/2008,8.64
11/19/2008,8.6271
11/20/2008,8.5718
11/21/2008,8.6086
11/24/2008,8.7219
11/25/2008,8.7448
11/26/2008,8.8329
11/27/2008,8.8081
11/28/2008,8.6988
12/1/2008,8.6804
12/2/2008,8.7444
12/3/2008,8.6884
12/4/2008,8.6847
12/5/2008,8.715
12/8/2008,8.8436
12/9/2008,8.8242
12/10/2008,8.8708
12/11/2008,9.054
12/12/2008,9.1282
12/15/2008,9.2544
12/16/2008,9.3729
12/17/2008,9.6103
12/18/2008,9.982
12/19/2008,9.544
12/22/2008,9.5708
12/23/2008,9.5728
12/24/2008,9.579
12/29/2008,9.7788
12/30/2008,9.6364
12/31/2008,9.4956
1/2/2009,9.4608
1/5/2009,9.2781
1/6/2009,9.1138
1/7/2009,9.2908
1/8/2009,9.3068
1/9/2009,9.3538
1/12/2009,9.1575
1/13/2009,9.0634
1/14/2009,9.004
1/15/2009,8.9453
1/16/2009,9.0732
1/19/2009,9.0111
1/20/2009,8.8422
1/21/2009,8.8276
1/22/2009,8.8773
1/23/2009,8.7492
1/26/2009,8.8826
1/27/2009,9.0084
1/28/2009,9.0672
1/29/2009,8.9653
1/30/2009,8.7636
2/2/2009,8.7389
2/3/2009,8.7891
2/4/2009,8.7598
2/5/2009,8.7708
2/6/2009,8.7453
2/9/2009,8.8894
2/10/2009,8.8598
2/11/2009,8.8409
2/12/2009,8.7703
2/13/2009,8.7626
2/16/2009,8.7236
2/17/2009,8.641
2/18/2009,8.6131
2/19/2009,8.6844
2/20/2009,8.6087
2/23/2009,8.7487
2/24/2009,8.7264
2/25/2009,8.7485
2/26/2009,8.7429
2/27/2009,8.6482
3/2/2009,8.623
3/3/2009,8.6303
3/4/2009,8.5915
3/5/2009,8.5885
3/6/2009,8.6581
3/9/2009,8.5945
3/10/2009,8.7451
3/11/2009,8.7461
3/12/2009,8.7414
3/13/2009,8.8244
3/16/2009,8.9183
3/17/2009,8.8487
3/18/2009,8.974
3/19/2009,9.3352
3/20/2009,9.2509
3/23/2009,9.2623
3/24/2009,9.2247
3/25/2009,9.2176
3/26/2009,9.2191
3/27/2009,9.0838
3/30/2009,9.0893
3/31/2009,9.0942
4/1/2009,9.0527
4/2/2009,9.1533
4/3/2009,9.1757
4/6/2009,9.2242
4/7/2009,9.0622
4/8/2009,9.0446
4/9/2009,9.0717
4/14/2009,9.0702
4/15/2009,9.0001
4/16/2009,9.0163
4/17/2009,8.922
4/20/2009,8.8604
4/21/2009,8.8354
4/22/2009,8.8428
4/23/2009,8.913
4/24/2009,9.0339
4/27/2009,8.961
4/28/2009,8.8692
4/29/2009,9.0547
4/30/2009,9.0575
5/4/2009,9.0221
5/5/2009,9.1407
5/6/2009,9.0877
5/7/2009,9.116
5/8/2009,9.1583
5/11/2009,9.2615
5/12/2009,9.334
5/13/2009,9.2942
5/14/2009,9.2567
5/15/2009,9.2271
5/18/2009,9.2124
5/19/2009,9.2896
5/20/2009,9.3434
5/21/2009,9.3983
5/22/2009,9.5334
5/25/2009,9.5601
5/26/2009,9.5
5/27/2009,9.4917
5/28/2009,9.461
5/29/2009,9.6263
6/1/2009,9.7073
6/2/2009,9.7261
6/3/2009,9.7044
6/4/2009,9.6313
6/5/2009,9.6871
6/8/2009,9.4803
6/9/2009,9.5415
6/10/2009,9.6365
6/11/2009,9.5475
6/12/2009,9.5701
6/15/2009,9.4684
6/16/2009,9.4926
6/17/2009,9.463
6/18/2009,9.5139
6/19/2009,9.5242
6/22/2009,9.4728
6/23/2009,9.5537
6/24/2009,9.5857
6/25/2009,9.5276
6/26/2009,9.6329
6/29/2009,9.607
6/30/2009,9.6545
7/1/2009,9.6319
7/2/2009,9.5974
7/3/2009,9.5714
7/6/2009,9.4979
7/7/2009,9.5788
7/8/2009,9.4984
7/9/2009,9.5575
7/10/2009,9.4983
7/13/2009,9.5487
7/14/2009,9.5599
7/15/2009,9.625
7/16/2009,9.6526
7/17/2009,9.6259
7/20/2009,9.7118
7/21/2009,9.7153
7/22/2009,9.6933
7/23/2009,9.7198
7/24/2009,9.7185
7/27/2009,9.7472
7/28/2009,9.7197
7/29/2009,9.635
7/30/2009,9.6014
7/31/2009,9.6592
8/3/2009,9.7701
8/4/2009,9.8246
8/5/2009,9.8433
8/6/2009,9.8164
8/7/2009,9.8084
8/10/2009,9.7062
8/11/2009,9.6825
8/12/2009,9.6853
8/13/2009,9.7674
8/14/2009,9.7688
8/17/2009,9.6203
8/18/2009,9.6365
8/19/2009,9.6443
8/20/2009,9.7305
8/21/2009,9.7891
8/24/2009,9.7845
8/25/2009,9.7859
8/26/2009,9.748
8/27/2009,9.7479
8/28/2009,9.8108
8/31/2009,9.7486
9/1/2009,9.777
9/2/2009,9.7137
9/3/2009,9.7915
9/4/2009,9.7409
9/7/2009,9.786
9/8/2009,9.8814
9/9/2009,9.9168
9/10/2009,9.9334
9/11/2009,9.9662
9/14/2009,9.9436
9/15/2009,9.9777
9/16/2009,10.0141
9/17/2009,10.0431
9/18/2009,10.0404
9/21/2009,10.0098
9/22/2009,10.0902
9/23/2009,10.091
9/24/2009,10.0824
9/25/2009,10.017
9/28/2009,10.0023
9/29/2009,9.9341
9/30/2009,9.9958
10/1/2009,9.9248
10/2/2009,9.9234
10/5/2009,9.9773
10/6/2009,10.0497
10/7/2009,10.0306
10/8/2009,10.0777
10/9/2009,10.0678
10/12/2009,10.0748
10/13/2009,10.1469
10/14/2009,10.1585
10/15/2009,10.1502
10/16/2009,10.1508
10/19/2009,10.1841
10/20/2009,10.22
10/21/2009,10.187
10/22/2009,10.2438
10/23/2009,10.2564
10/26/2009,10.2547
10/27/2009,10.1583
10/28/2009,10.0955
10/29/2009,10.0972
10/30/2009,10.1047
11/2/2009,10.0862
11/3/2009,10.0085
11/4/2009,10.0773
11/5/2009,10.1506
11/6/2009,10.1467
11/9/2009,10.2292
11/10/2009,10.217
11/11/2009,10.2641
11/12/2009,10.1867
11/13/2009,10.1493
11/16/2009,10.2166
11/17/2009,10.1544
11/18/2009,10.2111
11/19/2009,10.1491
11/20/2009,10.1154
11/23/2009,10.2233
11/24/2009,10.2229
11/25/2009,10.2975
11/26/2009,10.2882
11/27/2009,10.1866
11/30/2009,10.2564
12/1/2009,10.2895
12/2/2009,10.3009
12/3/2009,10.3224
12/4/2009,10.2869
12/7/2009,10.0982
12/8/2009,10.0869
12/9/2009,10.083
12/10/2009,10.0556
12/11/2009,10.0755
12/14/2009,10.0013
12/15/2009,9.9286
12/16/2009,9.9416
12/17/2009,9.7943
12/18/2009,9.7893
12/21/2009,9.8105
12/22/2009,9.7498
12/23/2009,9.7482
12/24/2009,9.831
12/28/2009,9.8386
12/29/2009,9.8569
12/30/2009,9.7861
12/31/2009,9.835
1/4/2010,9.8238
1/5/2010,9.8598
1/6/2010,9.7973
1/7/2010,9.7663
1/8/2010,9.7449
1/11/2010,9.9174
1/12/2010,9.8863
1/13/2010,9.9419
1/14/2010,9.89
1/15/2010,9.813
1/18/2010,9.8097
1/19/2010,9.7488
1/20/2010,9.6481
1/21/2010,9.6012
1/22/2010,9.6498
1/25/2010,9.6607
1/26/2010,9.6157
1/27/2010,9.6067
1/28/2010,9.557
1/29/2010,9.5343
2/1/2010,9.499
2/2/2010,9.5147
2/3/2010,9.5463
2/4/2010,9.4532
2/5/2010,9.347
2/8/2010,9.3355
2/9/2010,9.3935
2/10/2010,9.3847
2/11/2010,9.3757
2/12/2010,9.2737
2/15/2010,9.2977
2/16/2010,9.3264
2/17/2010,9.379
2/18/2010,9.2703
2/19/2010,9.2375
2/22/2010,9.3017
2/23/2010,9.2686
2/24/2010,9.2485
2/25/2010,9.2087
2/26/2010,9.2629
3/1/2010,9.2326
3/2/2010,9.2485
3/3/2010,9.3111
3/4/2010,9.3303
3/5/2010,9.2718
3/8/2010,9.3269
3/9/2010,9.2544
3/10/2010,9.29
3/11/2010,9.3231
3/12/2010,9.3953
3/15/2010,9.355
3/16/2010,9.3672
3/17/2010,9.3898
3/18/2010,9.3245
3/19/2010,9.2486
3/22/2010,9.1961
3/23/2010,9.2285
3/24/2010,9.1054
3/25/2010,9.1183
3/26/2010,9.1161
3/29/2010,9.1958
3/30/2010,9.2025
3/31/2010,9.2006
4/1/2010,9.1937
4/6/2010,9.1438
4/7/2010,9.1054
4/8/2010,9.0739
4/9/2010,9.1331
4/12/2010,9.2727
4/13/2010,9.2712
4/14/2010,9.2932
4/15/2010,9.2451
4/16/2010,9.2383
4/19/2010,9.1698
4/20/2010,9.2047
4/21/2010,9.1304
4/22/2010,9.1056
4/23/2010,9.0881
4/26/2010,9.0937
4/27/2010,9.0715
4/28/2010,9.0401
4/29/2010,9.0484
4/30/2010,9.0878
5/3/2010,9.0352
5/4/2010,8.9352
5/5/2010,8.8223
5/6/2010,8.6882
5/7/2010,8.7
5/10/2010,8.8533
5/11/2010,8.6715
5/12/2010,8.6611
5/13/2010,8.5943
5/14/2010,8.528
5/17/2010,8.4315
5/18/2010,8.4851
5/19/2010,8.3772
5/20/2010,8.4215
5/21/2010,8.5326
5/24/2010,8.44
5/25/2010,8.3495
5/26/2010,8.4059
5/27/2010,8.372
5/28/2010,8.4599
5/31/2010,8.4031
6/1/2010,8.3021
6/2/2010,8.3448
6/3/2010,8.3768
6/4/2010,8.2355
6/7/2010,8.1706
6/8/2010,8.1558
6/9/2010,8.2005
6/10/2010,8.2277
6/11/2010,8.2855
6/14/2010,8.3689
6/15/2010,8.376
6/16/2010,8.388
6/17/2010,8.4428
6/18/2010,8.4454
6/21/2010,8.4229
6/22/2010,8.3521
6/23/2010,8.3595
6/24/2010,8.3378
6/25/2010,8.3476
6/28/2010,8.3864
6/29/2010,8.2918
6/30/2010,8.3215
7/1/2010,8.3596
7/2/2010,8.4964
7/5/2010,8.4908
7/6/2010,8.5287
7/7/2010,8.5169
7/8/2010,8.5785
7/9/2010,8.5597
7/12/2010,8.5126
7/13/2010,8.5117
7/14/2010,8.6056
7/15/2010,8.6955
7/16/2010,8.8075
7/19/2010,8.7823
7/20/2010,8.7058
7/21/2010,8.686
7/22/2010,8.7123
7/23/2010,8.7446
7/26/2010,8.7666
7/27/2010,8.8345
7/28/2010,8.806
7/29/2010,8.8557
7/30/2010,8.8265
8/2/2010,8.8559
8/3/2010,8.9546
8/4/2010,8.9434
8/5/2010,8.9281
8/6/2010,8.9179
8/9/2010,8.9684
8/10/2010,8.8937
8/11/2010,8.8183
8/12/2010,8.6781
8/13/2010,8.6978
8/16/2010,8.7281
8/17/2010,8.7346
8/18/2010,8.7477
8/19/2010,8.7159
8/20/2010,8.631
8/23/2010,8.6391
8/24/2010,8.5719
8/25/2010,8.5751
8/26/2010,8.631
8/27/2010,8.6426
8/30/2010,8.6398
8/31/2010,8.6318
9/1/2010,8.7187
9/2/2010,8.727
9/3/2010,8.732
9/6/2010,8.7381
9/7/2010,8.655
9/8/2010,8.6267
9/9/2010,8.6248
9/10/2010,8.6138
9/13/2010,8.6558
9/14/2010,8.669
9/15/2010,8.7574
9/16/2010,8.7947
9/17/2010,8.7809
9/20/2010,8.7783
9/21/2010,8.8008
9/22/2010,8.9644
9/23/2010,8.9369
9/24/2010,8.9966
9/27/2010,9.0192
9/28/2010,9.0055
9/29/2010,9.1014
9/30/2010,9.1321
10/1/2010,9.1843
10/4/2010,9.1703
10/5/2010,9.2205
10/6/2010,9.2713
10/7/2010,9.3298
10/8/2010,9.2548
10/11/2010,9.2922
10/12/2010,9.2313
10/13/2010,9.3018
10/14/2010,9.3783
10/15/2010,9.3568
10/18/2010,9.2326
10/19/2010,9.2089
10/20/2010,9.2202
10/21/2010,9.3212
10/22/2010,9.2787
10/25/2010,9.342
10/26/2010,9.2691
10/27/2010,9.2212
10/28/2010,9.2667
10/29/2010,9.2437
11/1/2010,9.3325
11/2/2010,9.3608
11/3/2010,9.3559
11/4/2010,9.4915
11/5/2010,9.3752
11/8/2010,9.2939
11/9/2010,9.2651
11/10/2010,9.1346
11/11/2010,9.0772
11/12/2010,9.1
11/15/2010,9.053
11/16/2010,9.0355
11/17/2010,8.9548
11/18/2010,9.0529
11/19/2010,9.0789
11/22/2010,9.0638
11/23/2010,8.968
11/24/2010,8.8762
11/25/2010,8.8595
11/26/2010,8.8178
11/29/2010,8.756
11/30/2010,8.6658
12/1/2010,8.739
12/2/2010,8.7629
12/3/2010,8.8262
12/6/2010,8.8291
12/7/2010,8.8792
12/8/2010,8.7934
12/9/2010,8.7939
12/10/2010,8.8147
12/13/2010,8.8451
12/14/2010,8.9411
12/15/2010,8.8917
12/16/2010,8.8209
12/17/2010,8.8252
12/20/2010,8.775
12/21/2010,8.7598
12/22/2010,8.7144
12/23/2010,8.6785
12/24/2010,8.6807
12/27/2010,8.7102
12/28/2010,8.7414
12/29/2010,8.6976
12/30/2010,8.7659
12/31/2010,8.822
1/3/2011,8.7959
1/4/2011,8.8697
1/5/2011,8.7457
1/6/2011,8.6748
1/7/2011,8.5906
1/10/2011,8.5646
1/11/2011,8.5716
1/12/2011,8.5671
1/13/2011,8.7174
1/14/2011,8.797
1/17/2011,8.7759
1/18/2011,8.802
1/19/2011,8.8902
1/20/2011,8.8719
1/21/2011,8.9013
1/24/2011,8.9315
1/25/2011,8.9498
1/26/2011,9.0062
1/27/2011,9.0279
1/28/2011,9.0431
1/31/2011,9.0299
2/1/2011,9.0604
2/2/2011,9.089
2/3/2011,9.0511
2/4/2011,8.976
2/7/2011,8.9247
2/8/2011,8.9786
2/9/2011,8.993
2/10/2011,8.9605
2/11/2011,8.9164
2/14/2011,8.8662
2/15/2011,8.902
2/16/2011,8.8963
2/17/2011,8.9225
2/18/2011,8.9529
2/21/2011,8.976
2/22/2011,8.9929
2/23/2011,9.0272
2/24/2011,9.0551
2/25/2011,9.0513
2/28/2011,9.0912
3/1/2011,9.0816
3/2/2011,9.076
3/3/2011,9.0995
3/4/2011,9.1673
3/7/2011,9.1975
3/8/2011,9.1292
3/9/2011,9.1539
3/10/2011,9.0845
3/11/2011,9.0551
3/14/2011,9.1603
3/15/2011,9.1255
3/16/2011,9.1676
3/17/2011,9.2076
3/18/2011,9.2823
3/21/2011,9.3184
3/22/2011,9.3039
3/23/2011,9.2633
3/24/2011,9.2634
3/25/2011,9.2594
3/28/2011,9.2089
3/29/2011,9.228
3/30/2011,9.2381
3/31/2011,9.3036
4/1/2011,9.2592
4/4/2011,9.3094
4/5/2011,9.2654
4/6/2011,9.3579
4/7/2011,9.3442
4/8/2011,9.4115
4/11/2011,9.4374
4/12/2011,9.4638
4/13/2011,9.4687
4/14/2011,9.4075
4/15/2011,9.4389
4/18/2011,9.3199
4/19/2011,9.3399
4/20/2011,9.4716
4/21/2011,9.4708
4/26/2011,9.5418
4/27/2011,9.5508
4/28/2011,9.6161
4/29/2011,9.6456
5/2/2011,9.6218
5/3/2011,9.6024
5/4/2011,9.6636
5/5/2011,9.6198
5/6/2011,9.4158
5/9/2011,9.3496
5/10/2011,9.3218
5/11/2011,9.322
5/12/2011,9.1978
5/13/2011,9.2794
5/16/2011,9.2053
5/17/2011,9.2195
5/18/2011,9.2542
5/19/2011,9.2784
5/20/2011,9.2429
5/23/2011,9.1186
5/24/2011,9.1543
5/25/2011,9.1357
5/26/2011,9.1972
5/27/2011,9.2621
5/30/2011,9.2528
5/31/2011,9.3199
6/1/2011,9.3336
6/2/2011,9.3741
6/3/2011,9.3876
6/6/2011,9.4499
6/7/2011,9.4963
6/8/2011,9.4597
6/9/2011,9.4639
6/10/2011,9.3872
6/13/2011,9.3056
6/14/2011,9.3609
6/15/2011,9.2644
6/16/2011,9.1211
6/17/2011,9.2363
6/20/2011,9.2216
6/21/2011,9.2926
6/22/2011,9.3054
6/23/2011,9.192
6/24/2011,9.2059
6/27/2011,9.2038
6/28/2011,9.2272
6/29/2011,9.3235
6/30/2011,9.3416
7/1/2011,9.3663
7/4/2011,9.3714
7/5/2011,9.3528
7/6/2011,9.2592
7/7/2011,9.2118
7/8/2011,9.2072
7/11/2011,9.0903
7/12/2011,9.03
7/13/2011,9.1026
7/14/2011,9.1788
7/15/2011,9.1426
7/18/2011,9.0853
7/19/2011,9.1539
7/20/2011,9.1762
7/21/2011,9.1817
7/22/2011,9.2777
7/25/2011,9.2679
7/26/2011,9.3237
7/27/2011,9.308
7/28/2011,9.1874
7/29/2011,9.1793
8/1/2011,9.2746
8/2/2011,9.1228
8/3/2011,9.2008
8/4/2011,9.1621
8/5/2011,9.1164
8/8/2011,9.1552
8/9/2011,9.1745
8/10/2011,9.215
8/11/2011,9.0437
8/12/2011,9.1129
8/15/2011,9.144
8/16/2011,9.1657
8/17/2011,9.2466
8/18/2011,9.1785
8/19/2011,9.2006
8/22/2011,9.2232
8/23/2011,9.2513
8/24/2011,9.2205
8/25/2011,9.2169
8/26/2011,9.1988
8/29/2011,9.2442
8/30/2011,9.1892
8/31/2011,9.2133
9/1/2011,9.1138
9/2/2011,9.0977
9/5/2011,9.0202
9/6/2011,9.01
9/7/2011,8.976
9/8/2011,8.9629
9/9/2011,8.8266
9/12/2011,8.7443
9/13/2011,8.7316
9/14/2011,8.7818
9/15/2011,8.8136
9/16/2011,8.7836
9/19/2011,8.7125
9/20/2011,8.7529
9/21/2011,8.6991
9/22/2011,8.604
9/23/2011,8.5803
9/26/2011,8.6418
9/27/2011,8.6878
9/28/2011,8.7154
9/29/2011,8.7103
9/30/2011,8.6207
10/3/2011,8.4973
10/4/2011,8.3858
10/5/2011,8.5037
10/6/2011,8.465
10/7/2011,8.5413
10/10/2011,8.6297
10/11/2011,8.6758
10/12/2011,8.7534
10/13/2011,8.758
10/14/2011,8.8178
10/17/2011,8.7746
10/18/2011,8.7262
10/19/2011,8.8203
10/20/2011,8.8147
10/21/2011,8.812
10/24/2011,8.8343
10/25/2011,8.8528
10/26/2011,8.8492
10/27/2011,8.9284
10/28/2011,9.0058
10/31/2011,8.9
11/1/2011,8.6613
11/2/2011,8.7785
11/3/2011,8.7544
11/4/2011,8.7321
11/7/2011,8.7275
11/8/2011,8.7506
11/9/2011,8.6323
11/10/2011,8.643
11/11/2011,8.6571
11/14/2011,8.6813
11/15/2011,8.5842
11/16/2011,8.5636
11/17/2011,8.5669
11/18/2011,8.6273
11/21/2011,8.5613
11/22/2011,8.6022
11/23/2011,8.5121
11/24/2011,8.5159
11/25/2011,8.4307
11/28/2011,8.5215
11/29/2011,8.4778
11/30/2011,8.5567
12/1/2011,8.589
12/2/2011,8.5702
12/5/2011,8.531
12/6/2011,8.4847
12/7/2011,8.4905
12/8/2011,8.5313
12/9/2011,8.482
12/12/2011,8.4284
12/13/2011,8.3877
12/14/2011,8.2659
12/15/2011,8.2587
12/16/2011,8.2698
12/19/2011,8.2558
12/20/2011,8.2914
12/21/2011,8.2734
12/22/2011,8.2705
12/23/2011,8.2742
12/27/2011,8.2631
12/28/2011,8.2607
12/29/2011,8.1461
12/30/2011,8.1588
1/2/2012,8.1529
1/3/2012,8.1941
1/4/2012,8.1528
1/5/2012,8.098
1/6/2012,8.0689
1/9/2012,8.0371
1/10/2012,8.0858
1/11/2012,8.0304
1/12/2012,8.0467
1/13/2012,8.0648
1/16/2012,8.0024
1/17/2012,8.0814
1/18/2012,8.0985
1/19/2012,8.1545
1/20/2012,8.1732
1/23/2012,8.2179
1/24/2012,8.2062
1/25/2012,8.1713
1/26/2012,8.2906
1/27/2012,8.2995
1/30/2012,8.2837
1/31/2012,8.3121
2/1/2012,8.3088
2/2/2012,8.2572
2/3/2012,8.3042
2/6/2012,8.2329
2/7/2012,8.2763
2/8/2012,8.3614
2/9/2012,8.3717
2/10/2012,8.3013
2/13/2012,8.3386
2/14/2012,8.29
2/15/2012,8.2412
2/16/2012,8.1816
2/17/2012,8.2864
2/20/2012,8.3511
2/21/2012,8.3258
2/22/2012,8.332
2/23/2012,8.3787
2/24/2012,8.447
2/27/2012,8.4366
2/28/2012,8.4766
2/29/2012,8.4608
3/1/2012,8.3859
3/2/2012,8.3237
3/5/2012,8.3392
3/6/2012,8.3024
3/7/2012,8.2855
3/8/2012,8.3664
3/9/2012,8.3231
3/12/2012,8.3013
3/13/2012,8.2663
3/14/2012,8.2719
3/15/2012,8.2682
3/16/2012,8.2926
3/19/2012,8.3092
3/20/2012,8.3395
3/21/2012,8.3553
3/22/2012,8.3039
3/23/2012,8.345
3/26/2012,8.3699
3/27/2012,8.3974
3/28/2012,8.3967
3/29/2012,8.3652
3/30/2012,8.4089
4/2/2012,8.3836
4/3/2012,8.3781
4/4/2012,8.2764
4/5/2012,8.2398
4/10/2012,8.276
4/11/2012,8.2741
4/12/2012,8.2961
4/13/2012,8.2869
4/16/2012,8.225
4/17/2012,8.2758
4/18/2012,8.2468
4/19/2012,8.2492
4/20/2012,8.315
4/23/2012,8.2786
4/24/2012,8.2979
4/25/2012,8.3269
4/26/2012,8.3069
4/27/2012,8.32
4/30/2012,8.2976
5/2/2012,8.2397
5/3/2012,8.2473
5/4/2012,8.2812
5/7/2012,8.1984
5/8/2012,8.1969
5/9/2012,8.1726
5/10/2012,8.184
5/11/2012,8.1681
5/14/2012,8.1325
5/15/2012,8.1156
5/16/2012,8.0527
5/17/2012,8.0216
5/18/2012,8.0465
5/21/2012,8.0604
5/22/2012,8.0643
5/23/2012,8.0132
5/24/2012,7.9542
5/25/2012,7.947
5/28/2012,7.956
5/29/2012,7.9301
5/30/2012,7.892
5/31/2012,7.8989
6/1/2012,7.8486
6/4/2012,7.9149
6/5/2012,7.9153
6/6/2012,7.9453
6/7/2012,8.0152
6/8/2012,7.9486
6/11/2012,7.9604
6/12/2012,7.9594
6/13/2012,7.96
6/14/2012,7.9411
6/15/2012,8.0258
6/18/2012,8.0232
6/19/2012,8.0203
6/20/2012,8.0809
6/21/2012,8.0643
6/22/2012,7.9809
6/25/2012,7.9465
6/26/2012,7.9387
6/27/2012,7.933
6/28/2012,7.8959
6/29/2012,8.0011
7/2/2012,7.9948
7/3/2012,7.9883
7/4/2012,7.9727
7/5/2012,7.8992
7/6/2012,7.8786
7/9/2012,7.8336
7/10/2012,7.8215
7/11/2012,7.7828
7/12/2012,7.7619
7/13/2012,7.7849
7/16/2012,7.7687
7/17/2012,7.8282
7/18/2012,7.7937
7/19/2012,7.8317
7/20/2012,7.7775
7/23/2012,7.7303
7/24/2012,7.7199
7/25/2012,7.7518
7/26/2012,7.8283
7/27/2012,7.8591
7/30/2012,7.8123
7/31/2012,7.8147
8/1/2012,7.8322
8/2/2012,7.8612
8/3/2012,7.8031
8/6/2012,7.8904
8/7/2012,7.9175
8/8/2012,7.8473
8/9/2012,7.8226
8/10/2012,7.7989
8/13/2012,7.8509
8/14/2012,7.8545
8/15/2012,7.8104
8/16/2012,7.8172
8/17/2012,7.8445
8/20/2012,7.8235
8/21/2012,7.9015
8/22/2012,7.9067
8/23/2012,7.976
8/24/2012,7.9492
8/27/2012,7.9666
8/28/2012,7.9719
8/29/2012,7.9696
8/30/2012,7.9649
8/31/2012,8.0062
9/3/2012,7.9686
9/4/2012,7.9843
9/5/2012,7.986
9/6/2012,8.0177
9/7/2012,8.0604
9/10/2012,8.097
9/11/2012,8.1016
9/12/2012,8.1592
9/13/2012,8.1733
9/14/2012,8.2696
9/17/2012,8.2745
9/18/2012,8.2496
9/19/2012,8.204
9/20/2012,8.1668
9/21/2012,8.1895
9/24/2012,8.1491
9/25/2012,8.1566
9/26/2012,8.0961
9/27/2012,8.115
9/28/2012,8.1261
10/1/2012,8.0926
10/2/2012,8.1779
10/3/2012,8.1707
10/4/2012,8.209
10/5/2012,8.2226
10/8/2012,8.1498
10/9/2012,8.1465
10/10/2012,8.121
10/11/2012,8.1086
10/12/2012,8.1267
10/15/2012,8.1318
10/16/2012,8.1728
10/17/2012,8.2059
10/18/2012,8.2006
10/19/2012,8.1514
10/22/2012,8.1705
10/23/2012,8.1308
10/24/2012,8.0858
10/25/2012,8.1102
10/26/2012,8.0661
10/29/2012,8.053
10/30/2012,8.0884
10/31/2012,8.1041
11/1/2012,8.097
11/2/2012,8.0205
11/5/2012,7.982
11/6/2012,8.0166
11/7/2012,7.977
11/8/2012,7.9698
11/9/2012,7.9277
11/12/2012,7.9333
11/13/2012,7.9116
11/14/2012,7.9222
11/15/2012,7.952
11/16/2012,7.9471
11/19/2012,7.9569
11/20/2012,7.9837
11/21/2012,7.98
11/22/2012,8.0349
11/23/2012,8.0406
11/26/2012,8.0707
11/27/2012,8.0647
11/28/2012,8.026
11/29/2012,8.0917
11/30/2012,8.0899
12/3/2012,8.1328
12/4/2012,8.1506
12/5/2012,8.1395
12/6/2012,8.1439
12/7/2012,8.0358
12/10/2012,8.0684
12/11/2012,8.1157
12/12/2012,8.148
12/13/2012,8.1849
12/14/2012,8.1704
12/17/2012,8.2105
12/18/2012,8.2079
12/19/2012,8.2902
12/20/2012,8.2554
12/21/2012,8.2311
12/24/2012,8.2394
12/27/2012,8.274
12/28/2012,8.2172
12/31/2012,8.2207
1/2/2013,8.2663
1/3/2013,8.1703
1/4/2013,8.1073
1/7/2013,8.123
1/8/2013,8.1462
1/9/2013,8.1288
1/10/2013,8.163
1/11/2013,8.2523
1/14/2013,8.2985
1/15/2013,8.2837
1/16/2013,8.2552
1/17/2013,8.3165
1/18/2013,8.2879
1/21/2013,8.2892
1/22/2013,8.284
1/23/2013,8.2891
1/24/2013,8.3069
1/25/2013,8.379
1/28/2013,8.3717
1/29/2013,8.3659
1/30/2013,8.4239
1/31/2013,8.4267
2/1/2013,8.4965
2/4/2013,8.4482
2/5/2013,8.4341
2/6/2013,8.4238
2/7/2013,8.442
2/8/2013,8.3392
2/11/2013,8.3458
2/12/2013,8.3771
2/13/2013,8.4014
2/14/2013,8.3062
2/15/2013,8.3044
2/18/2013,8.3391
2/19/2013,8.3356
2/20/2013,8.3401
2/21/2013,8.2274
2/22/2013,8.2289
2/25/2013,8.2982
2/26/2013,8.1481
2/27/2013,8.1563
2/28/2013,8.172
3/1/2013,8.0908
3/4/2013,8.0979
3/5/2013,8.1065
3/6/2013,8.1066
3/7/2013,8.0926
3/8/2013,8.1413
3/11/2013,8.0803
3/12/2013,8.1141
3/13/2013,8.0667
3/14/2013,8.0415
3/15/2013,8.1354
3/18/2013,8.0399
3/19/2013,8.0457
3/20/2013,8.0473
3/21/2013,8.0273
3/22/2013,8.0433
3/25/2013,8.0368
3/26/2013,7.9899
3/27/2013,7.934
3/28/2013,7.96
4/2/2013,7.9379
4/3/2013,7.9639
4/4/2013,7.9484
4/5/2013,8.0272
4/8/2013,8.0786
4/9/2013,8.0879
4/10/2013,8.1053
4/11/2013,8.1288
4/12/2013,8.0819
4/15/2013,8.0931
4/16/2013,8.1178
4/17/2013,8.1041
4/18/2013,8.0632
4/19/2013,8.1021
4/22/2013,8.0592
4/23/2013,8.0267
4/24/2013,8.0352
4/25/2013,8.065
4/26/2013,8.0139
4/29/2013,8.0842
4/30/2013,8.0597
5/2/2013,8.1204
5/3/2013,8.0725
5/6/2013,8.0826
5/7/2013,8.0658
5/8/2013,8.0665
5/9/2013,8.0572
5/10/2013,7.9782
5/13/2013,7.9742
5/14/2013,7.9715
5/15/2013,7.905
5/16/2013,7.9263
5/17/2013,7.904
5/20/2013,7.8903
5/21/2013,7.8955
5/22/2013,7.9232
5/23/2013,7.9055
5/24/2013,7.9341
5/27/2013,7.9201
5/28/2013,7.92
5/29/2013,7.9384
5/30/2013,7.9428
5/31/2013,7.9789
6/3/2013,7.9761
6/4/2013,8.0237
6/5/2013,8.0071
6/6/2013,8.0493
6/7/2013,8.1328
6/10/2013,8.1017
6/11/2013,8.141
6/12/2013,8.1434
6/13/2013,8.168
6/14/2013,8.1558
6/17/2013,8.1688
6/18/2013,8.1963
6/19/2013,8.2139
6/20/2013,8.0892
6/21/2013,8.0832
6/24/2013,8.0415
6/25/2013,8.0707
6/26/2013,8.0065
6/27/2013,8.0132
6/28/2013,8.028
7/1/2013,7.9952
7/2/2013,7.9833
7/3/2013,7.9449
7/4/2013,7.9537
7/5/2013,7.9006
7/8/2013,7.8818
7/9/2013,7.8811
7/10/2013,7.8601
7/11/2013,7.9982
7/12/2013,8.0005
7/15/2013,7.9865
7/16/2013,8.0479
7/17/2013,8.0595
7/18/2013,8.0408
7/19/2013,8.0548
7/22/2013,8.0856
7/23/2013,8.0891
7/24/2013,8.1264
7/25/2013,8.0992
7/26/2013,8.1305
7/29/2013,8.1377
7/30/2013,8.1451
7/31/2013,8.1361
8/1/2013,8.1142
8/2/2013,8.0926
8/5/2013,8.1195
8/6/2013,8.1295
8/7/2013,8.1416
8/8/2013,8.1771
8/9/2013,8.187
8/12/2013,8.1301
8/13/2013,8.1348
8/14/2013,8.1041
8/15/2013,8.1285
8/16/2013,8.1574
8/19/2013,8.1704
8/20/2013,8.2021
8/21/2013,8.1956
8/22/2013,8.155
8/23/2013,8.1759
8/26/2013,8.1803
8/27/2013,8.1651
8/28/2013,8.1686
8/29/2013,8.1214
8/30/2013,8.0979
9/2/2013,8.0822
9/3/2013,8.0621
9/4/2013,8.0608
9/5/2013,8.0778
9/6/2013,8.0269
9/9/2013,8.076
9/10/2013,8.1029
9/11/2013,8.1187
9/12/2013,8.1308
9/13/2013,8.1349
9/16/2013,8.1748
9/17/2013,8.1759
9/18/2013,8.173
9/19/2013,8.2887
9/20/2013,8.2712
9/23/2013,8.265
9/24/2013,8.252
9/25/2013,8.265
9/26/2013,8.2622
9/27/2013,8.2827
9/30/2013,8.2645
10/1/2013,8.2972
10/2/2013,8.2728
10/3/2013,8.3205
10/4/2013,8.3192
10/7/2013,8.3055
10/8/2013,8.3133
10/9/2013,8.2709
10/10/2013,8.2773
10/11/2013,8.3004
10/14/2013,8.283
10/15/2013,8.2334
10/16/2013,8.2725
10/17/2013,8.3299
10/18/2013,8.3431
10/21/2013,8.3309
10/22/2013,8.332
10/23/2013,8.3693
10/24/2013,8.3998
10/25/2013,8.3814
10/28/2013,8.3888
10/29/2013,8.3855
10/30/2013,8.3831
10/31/2013,8.3109
11/1/2013,8.2381
11/4/2013,8.2411
11/5/2013,8.2281
11/6/2013,8.2346
11/7/2013,8.142
11/8/2013,8.1822
11/11/2013,8.1587
11/12/2013,8.1825
11/13/2013,8.1735
11/14/2013,8.1847
11/15/2013,8.2005
11/18/2013,8.2328
11/19/2013,8.2274
11/20/2013,8.2434
11/21/2013,8.2082
11/22/2013,8.2385
11/25/2013,8.2344
11/26/2013,8.253
11/27/2013,8.2839
11/28/2013,8.2809
11/29/2013,8.2956
12/2/2013,8.2479
12/3/2013,8.2717
12/4/2013,8.2789
12/5/2013,8.2811
12/6/2013,8.3103
12/9/2013,8.333
12/10/2013,8.3486
12/11/2013,8.3565
12/12/2013,8.3675
12/13/2013,8.3367
12/16/2013,8.3651
12/17/2013,8.3477
12/18/2013,8.3483
12/19/2013,8.3011
12/20/2013,8.2889
12/23/2013,8.3151
12/24/2013,8.3081
12/27/2013,8.3841
12/30/2013,8.3555
12/31/2013,8.3491
1/2/2014,8.2642
1/3/2014,8.2569
1/6/2014,8.2327
1/7/2014,8.2554
1/8/2014,8.2249
1/9/2014,8.2404
1/10/2014,8.223
1/13/2014,8.2531
1/14/2014,8.2587
1/15/2014,8.2263
1/16/2014,8.236
1/17/2014,8.218
1/20/2014,8.2111
1/21/2014,8.1842
1/22/2014,8.2107
1/23/2014,8.2528
1/24/2014,8.281
1/27/2014,8.2593
1/28/2014,8.2589
1/29/2014,8.2402
1/30/2014,8.2302
1/31/2014,8.1923
2/3/2014,8.1798
2/4/2014,8.1963
2/5/2014,8.2073
2/6/2014,8.177
2/7/2014,8.231
2/10/2014,8.2652
2/11/2014,8.2879
2/12/2014,8.2289
2/13/2014,8.2924
2/14/2014,8.3162
2/17/2014,8.3071
2/18/2014,8.3323
2/19/2014,8.3517
2/20/2014,8.3394
2/21/2014,8.3495
2/24/2014,8.3751
2/25/2014,8.422
2/26/2014,8.4073
2/27/2014,8.3688
2/28/2014,8.4882
3/3/2014,8.4589
3/4/2014,8.4564
3/5/2014,8.4158
3/6/2014,8.4128
3/7/2014,8.5109
3/10/2014,8.5232
3/11/2014,8.504
3/12/2014,8.5344
3/13/2014,8.5566
3/14/2014,8.5385
3/17/2014,8.5895
3/18/2014,8.6083
3/19/2014,8.6212
3/20/2014,8.5718
3/21/2014,8.5792
3/24/2014,8.532
3/25/2014,8.5525
3/26/2014,8.5631
3/27/2014,8.5445
3/28/2014,8.5474
3/31/2014,8.5754
4/1/2014,8.5592
4/2/2014,8.5568
4/3/2014,8.5537
4/4/2014,8.5109
4/7/2014,8.5266
4/8/2014,8.5353
4/9/2014,8.5523
4/10/2014,8.6163
4/11/2014,8.6151
4/14/2014,8.5997
4/15/2014,8.5868
4/16/2014,8.6124
4/17/2014,8.6149
4/22/2014,8.6175
4/23/2014,8.627
4/24/2014,8.6381
4/25/2014,8.652
4/28/2014,8.6689
4/29/2014,8.652
4/30/2014,8.6716
5/2/2014,8.6772
5/5/2014,8.6645
5/6/2014,8.6829
5/7/2014,8.6833
5/8/2014,8.6891
5/9/2014,8.5821
5/12/2014,8.5851
5/13/2014,8.5375
5/14/2014,8.5453
5/15/2014,8.509
5/16/2014,8.5379
5/19/2014,8.5545
5/20/2014,8.547
5/21/2014,8.5253
5/22/2014,8.5224
5/23/2014,8.502
5/26/2014,8.5071
5/27/2014,8.5228
5/28/2014,8.5122
5/29/2014,8.4925
5/30/2014,8.5025
6/2/2014,8.5043
6/3/2014,8.5337
6/4/2014,8.518
6/5/2014,8.4839
6/6/2014,8.5271
6/9/2014,8.4932
6/10/2014,8.4329
6/11/2014,8.4376
6/12/2014,8.4127
6/13/2014,8.4018
6/16/2014,8.4248
6/17/2014,8.4491
6/18/2014,8.4506
6/19/2014,8.4881
6/20/2014,8.46
6/23/2014,8.4643
6/24/2014,8.4852
6/25/2014,8.4884
6/26/2014,8.4696
6/27/2014,8.4689
6/30/2014,8.4722
7/1/2014,8.4883
7/2/2014,8.4816
7/3/2014,8.4769
7/4/2014,8.4314
7/7/2014,8.4325
7/8/2014,8.428
7/9/2014,8.4343
7/10/2014,8.4401
7/11/2014,8.4353
7/14/2014,8.4566
7/15/2014,8.4448
7/16/2014,8.3976
7/17/2014,8.392
7/18/2014,8.3971
7/21/2014,8.3956
7/22/2014,8.3655
7/23/2014,8.3475
7/24/2014,8.3464
7/25/2014,8.3272
7/28/2014,8.311
7/29/2014,8.2996
7/30/2014,8.271
7/31/2014,8.2621
8/1/2014,8.2774
8/4/2014,8.2939
8/5/2014,8.2578
8/6/2014,8.2245
8/7/2014,8.2359
8/8/2014,8.2446
8/11/2014,8.2387
8/12/2014,8.217
8/13/2014,8.2216
8/14/2014,8.2287
8/15/2014,8.2372
8/18/2014,8.2267
8/19/2014,8.2022
8/20/2014,8.1562
8/21/2014,8.1613
8/22/2014,8.1624
8/25/2014,8.1242
8/26/2014,8.1265
8/27/2014,8.0952
8/28/2014,8.0934
8/29/2014,8.1018
9/1/2014,8.0679
9/2/2014,8.063
9/3/2014,8.0772
9/4/2014,7.9896
9/5/2014,7.9515
9/8/2014,7.9517
9/9/2014,7.9177
9/10/2014,7.9252
9/11/2014,7.9245
9/12/2014,7.9312
9/15/2014,7.9317
9/16/2014,7.9578
9/17/2014,7.9546
9/18/2014,7.9056
9/19/2014,7.8923
9/22/2014,7.888
9/23/2014,7.914
9/24/2014,7.8716
9/25/2014,7.8016
9/26/2014,7.7991
9/29/2014,7.8143
9/30/2014,7.7262
10/1/2014,7.7382
10/2/2014,7.7557
10/3/2014,7.7445
10/6/2014,7.7149
10/7/2014,7.7406
10/8/2014,7.7624
10/9/2014,7.8269
10/10/2014,7.7484
10/13/2014,7.7684
10/14/2014,7.7466
10/15/2014,7.7601
10/16/2014,7.8071
10/17/2014,7.8546
10/20/2014,7.821
10/21/2014,7.8147
10/22/2014,7.7672
10/23/2014,7.7542
10/24/2014,7.7426
10/27/2014,7.7547
10/28/2014,7.7935
10/29/2014,7.7842
10/30/2014,7.7032
10/31/2014,7.6559
11/3/2014,7.6447
11/4/2014,7.6538
11/5/2014,7.631
11/6/2014,7.6521
11/7/2014,7.5876
11/10/2014,7.6413
11/11/2014,7.6077
11/12/2014,7.6382
11/13/2014,7.6319
11/14/2014,7.623
11/17/2014,7.6523
11/18/2014,7.6605
11/19/2014,7.671
11/20/2014,7.6824
11/21/2014,7.6113
11/24/2014,7.6212
11/25/2014,7.625
11/26/2014,7.6578
11/27/2014,7.661
11/28/2014,7.6673
12/1/2014,7.6742
12/2/2014,7.6413
12/3/2014,7.5752
12/4/2014,7.5777
12/5/2014,7.6055
12/8/2014,7.5666
12/9/2014,7.6549
12/10/2014,7.6526
12/11/2014,7.6916
12/12/2014,7.7049
12/15/2014,7.696
12/16/2014,7.7624
12/17/2014,7.7143
12/18/2014,7.6364
12/19/2014,7.64
12/22/2014,7.6271
12/23/2014,7.6034
12/24/2014,7.5969
12/29/2014,7.592
12/30/2014,7.5442
12/31/2014,7.5358
1/2/2015,7.4759
1/5/2015,7.4111
1/6/2015,7.4022
1/7/2015,7.3512
1/8/2015,7.3152
1/9/2015,7.3321
1/12/2015,7.3194
1/13/2015,7.3028
1/14/2015,7.2968
1/15/2015,7.2509
1/16/2015,7.1926
1/19/2015,7.2188
1/20/2015,7.1948
1/21/2015,7.2017
1/22/2015,7.2144
1/23/2015,6.975
1/26/2015,7.0324
1/27/2015,7.0603
1/28/2015,7.0869
1/29/2015,7.0672
1/30/2015,7.0639
2/2/2015,7.0771
2/3/2015,7.118
2/4/2015,7.1526
2/5/2015,7.1307
2/6/2015,7.1535
2/9/2015,7.0428
2/10/2015,7.0512
2/11/2015,7.063
2/12/2015,7.073
2/13/2015,7.1011
2/16/2015,7.1292
2/17/2015,7.1403
2/18/2015,7.1133
2/19/2015,7.1229
2/20/2015,7.0642
2/23/2015,7.0686
2/24/2015,7.0842
2/25/2015,7.1025
2/26/2015,7.0831
2/27/2015,7.0485
3/2/2015,7.0456
3/3/2015,7.0043
3/4/2015,6.9734
3/5/2015,6.9382
3/6/2015,6.8651
3/9/2015,6.8034
3/10/2015,6.7236
3/11/2015,6.6245
3/12/2015,6.6458
3/13/2015,6.6172
3/16/2015,6.6113
3/17/2015,6.6468
3/18/2015,6.5982
3/19/2015,6.614
3/20/2015,6.6864
3/23/2015,6.7812
3/24/2015,6.7981
3/25/2015,6.8244
3/26/2015,6.8174
3/27/2015,6.7478
3/30/2015,6.7324
3/31/2015,6.671
4/1/2015,6.6662
4/2/2015,6.7105
4/7/2015,6.7241
4/8/2015,6.7377
4/9/2015,6.6863
4/10/2015,6.5626
4/13/2015,6.5552
4/14/2015,6.5633
4/15/2015,6.5644
4/16/2015,6.6377
4/17/2015,6.7013
4/20/2015,6.6543
4/21/2015,6.6358
4/22/2015,6.6543
4/23/2015,6.6764
4/24/2015,6.7053
4/27/2015,6.7311
4/28/2015,6.7806
4/29/2015,6.8211
4/30/2015,6.9568
5/4/2015,6.9245
5/5/2015,6.895
5/6/2015,6.963
5/7/2015,7.0129
5/8/2015,6.9639
5/11/2015,6.9194
5/12/2015,6.9822
5/13/2015,6.9622
5/14/2015,7.0812
5/15/2015,7.0278
5/18/2015,7.0661
5/19/2015,6.9384
5/20/2015,6.8974
5/21/2015,6.898
5/22/2015,6.9194
5/25/2015,6.8098
5/26/2015,6.7785
5/27/2015,6.7338
5/28/2015,6.7568
5/29/2015,6.7994
6/1/2015,6.7807
6/2/2015,6.8358
6/3/2015,6.9026
6/4/2015,7.0177
6/5/2015,6.9596
6/8/2015,6.9278
6/9/2015,6.981
6/10/2015,7.0008
6/11/2015,6.9707
6/12/2015,6.9655
6/15/2015,6.9653
6/16/2015,6.9651
6/17/2015,7.001
6/18/2015,7.0786
6/19/2015,7.016
6/22/2015,7.0446
6/23/2015,6.9539
6/24/2015,6.9619
6/25/2015,6.958
6/26/2015,6.9553
6/29/2015,6.9121
6/30/2015,6.9366
7/1/2015,6.8838
7/2/2015,6.8659
7/3/2015,6.8856
7/6/2015,6.8337
7/7/2015,6.7909
7/8/2015,6.8449
7/9/2015,6.8632
7/10/2015,6.9452
7/13/2015,6.8597
7/14/2015,6.8478
7/15/2015,6.8357
7/16/2015,6.7496
7/17/2015,6.7615
7/20/2015,6.7378
7/21/2015,6.7479
7/22/2015,6.7695
7/23/2015,6.8299
7/24/2015,6.7918
7/27/2015,6.8668
7/28/2015,6.8459
7/29/2015,6.8486
7/30/2015,6.8027
7/31/2015,6.8102
8/3/2015,6.8002
8/4/2015,6.8143
8/5/2015,6.758
8/6/2015,6.7593
8/7/2015,6.794
8/10/2015,6.8058
8/11/2015,6.9923
8/12/2015,7.1234
8/13/2015,7.1078
8/14/2015,7.1396
8/17/2015,7.0983
8/18/2015,7.072
8/19/2015,7.0614
8/20/2015,7.1449
8/21/2015,7.2064
8/24/2015,7.3636
8/25/2015,7.3786
8/26/2015,7.3079
8/27/2015,7.2281
8/28/2015,7.1998
8/31/2015,7.1579
9/1/2015,7.1514
9/2/2015,7.1537
9/3/2015,7.137
9/4/2015,7.0792
9/7/2015,7.0954
9/8/2015,7.1075
9/9/2015,7.1047
9/10/2015,7.1329
9/11/2015,7.1832
9/14/2015,7.2008
9/15/2015,7.2107
9/16/2015,7.1531
9/17/2015,7.2016
9/18/2015,7.2674
9/21/2015,7.1643
9/22/2015,7.1129
9/23/2015,7.1165
9/24/2015,7.1743
9/25/2015,7.1082
9/28/2015,7.1099
9/29/2015,7.1316
9/30/2015,7.1206
10/1/2015,7.0901
10/2/2015,7.0945
10/5/2015,7.1417
10/6/2015,7.1358
10/7/2015,7.1621
10/8/2015,7.1507
10/9/2015,7.2094
10/12/2015,7.1917
10/13/2015,7.2123
10/14/2015,7.2435
10/15/2015,7.2583
10/16/2015,7.2159
10/19/2015,7.2082
10/20/2015,7.2201
10/21/2015,7.2088
10/22/2015,7.1929
10/23/2015,7.039
10/26/2015,6.9943
10/27/2015,7.0265
10/28/2015,7.0484
10/29/2015,6.946
10/30/2015,6.9703
11/2/2015,6.9914
11/3/2015,6.9545
11/4/2015,6.9291
11/5/2015,6.9065
11/6/2015,6.9035
11/9/2015,6.8569
11/10/2015,6.8121
11/11/2015,6.8235
11/12/2015,6.833
11/13/2015,6.8607
11/16/2015,6.833
11/17/2015,6.8045
11/18/2015,6.8054
11/19/2015,6.8244
11/20/2015,6.8239
11/23/2015,6.7926
11/24/2015,6.8048
11/25/2015,6.7611
11/26/2015,6.7805
11/27/2015,6.765
11/30/2015,6.7689
12/1/2015,6.7808
12/2/2015,6.7903
12/3/2015,6.8273
12/4/2015,6.9802
12/7/2015,6.9266
12/8/2015,6.9795
12/9/2015,7.0325
12/10/2015,7.0416
12/11/2015,7.0716
12/14/2015,7.0929
12/15/2015,7.1017
12/16/2015,7.0726
12/17/2015,7.033
12/18/2015,7.0274
12/21/2015,7.0457
12/22/2015,7.0933
12/23/2015,7.0709
12/24/2015,7.088
12/28/2015,7.1114
12/29/2015,7.1065
12/30/2015,7.091
12/31/2015,7.0608
1/4/2016,7.1208
1/5/2016,7.0074
1/6/2016,7.0388
1/7/2016,7.1672
1/8/2016,7.1577
1/11/2016,7.1554
1/12/2016,7.1276
1/13/2016,7.1121
1/14/2016,7.1809
1/15/2016,7.1888
1/18/2016,7.1658
1/19/2016,7.1496
1/20/2016,7.1768
1/21/2016,7.1666
1/22/2016,7.1104
1/25/2016,7.1156
1/26/2016,7.1314
1/27/2016,7.1621
1/28/2016,7.1705
1/29/2016,7.181
2/1/2016,7.1605
2/2/2016,7.1847
2/3/2016,7.1916
2/4/2016,7.3691
2/5/2016,7.3624
2/8/2016,7.2995
2/9/2016,7.3924
2/10/2016,7.4007
2/11/2016,7.4592
2/12/2016,7.4114
2/15/2016,7.2606
2/16/2016,7.2741
2/17/2016,7.2685
2/18/2016,7.2242
2/19/2016,7.2378
2/22/2016,7.1909
2/23/2016,7.1814
2/24/2016,7.1794
2/25/2016,7.2026
2/26/2016,7.1954
2/29/2016,7.1351
3/1/2016,7.123
3/2/2016,7.1125
3/3/2016,7.1298
3/4/2016,7.148
3/7/2016,7.1381
3/8/2016,7.1744
3/9/2016,7.1466
3/10/2016,7.0787
3/11/2016,7.2119
3/14/2016,7.223
3/15/2016,7.2336
3/16/2016,7.218
3/17/2016,7.3317
3/18/2016,7.3037
3/21/2016,7.3028
3/22/2016,7.2791
3/23/2016,7.2648
3/24/2016,7.2662
3/29/2016,7.2873
3/30/2016,7.3366
3/31/2016,7.3514
4/1/2016,7.3903
4/4/2016,7.3696
4/5/2016,7.3595
4/6/2016,7.355
4/7/2016,7.3535
4/8/2016,7.357
4/11/2016,7.3709
4/12/2016,7.3632
4/13/2016,7.3172
4/14/2016,7.297
4/15/2016,7.3072
4/18/2016,7.3241
4/19/2016,7.3372
4/20/2016,7.3578
4/21/2016,7.3525
4/22/2016,7.3159
4/25/2016,7.3145
4/26/2016,7.3345
4/27/2016,7.3411
4/28/2016,7.3562
4/29/2016,7.3943
5/2/2016,7.4418
5/3/2016,7.5013
5/4/2016,7.4789
5/5/2016,7.441
5/6/2016,7.43
5/9/2016,7.4207
5/10/2016,7.413
5/11/2016,7.4212
5/12/2016,7.4242
5/13/2016,7.4001
5/16/2016,7.3865
5/17/2016,7.3867
5/18/2016,7.3714
5/19/2016,7.3318
5/20/2016,7.3456
5/23/2016,7.3507
5/24/2016,7.3226
5/25/2016,7.3136
5/26/2016,7.3237
5/27/2016,7.3281
5/30/2016,7.3314
5/31/2016,7.3363
6/1/2016,7.3498
6/2/2016,7.3639
6/3/2016,7.3468
6/6/2016,7.452
6/7/2016,7.4579
6/8/2016,7.4727
6/9/2016,7.4405
6/10/2016,7.4143
6/13/2016,7.4212
6/14/2016,7.4015
6/15/2016,7.3905
6/16/2016,7.3593
6/17/2016,7.4171
6/20/2016,7.4562
6/21/2016,7.4466
6/22/2016,7.4227
6/23/2016,7.4935
6/24/2016,7.3301
6/27/2016,7.3108
6/28/2016,7.3606
6/29/2016,7.368
6/30/2016,7.3755
7/1/2016,7.4111
7/4/2016,7.4229
7/5/2016,7.4379
7/6/2016,7.4018
7/7/2016,7.4044
7/8/2016,7.4011
7/11/2016,7.3926
7/12/2016,7.4148
7/13/2016,7.4077
7/14/2016,7.4577
7/15/2016,7.4355
7/18/2016,7.4089
7/19/2016,7.3875
7/20/2016,7.3501
7/21/2016,7.3505
7/22/2016,7.35
7/25/2016,7.3356
7/26/2016,7.3357
7/27/2016,7.3311
7/28/2016,7.3838
7/29/2016,7.3908
8/1/2016,7.4136
8/2/2016,7.4233
8/3/2016,7.4234
8/4/2016,7.3961
8/5/2016,7.411
8/8/2016,7.3848
8/9/2016,7.3798
8/10/2016,7.4169
8/11/2016,7.4031
8/12/2016,7.4173
8/15/2016,7.4203
8/16/2016,7.4772
8/17/2016,7.4825
8/18/2016,7.5066
8/19/2016,7.5341
8/22/2016,7.5195
8/23/2016,7.5301
8/24/2016,7.5013
8/25/2016,7.5146
8/26/2016,7.5318
8/29/2016,7.4608
8/30/2016,7.4565
8/31/2016,7.4311
9/1/2016,7.4452
9/2/2016,7.4755
9/5/2016,7.4496
9/6/2016,7.4525
9/7/2016,7.4876
9/8/2016,7.5255
9/9/2016,7.5276
9/12/2016,7.4995
9/13/2016,7.5138
9/14/2016,7.4894
9/15/2016,7.5102
9/16/2016,7.4915
9/19/2016,7.4469
9/20/2016,7.4604
9/21/2016,7.4384
9/22/2016,7.4949
9/23/2016,7.4797
9/26/2016,7.5105
9/27/2016,7.4826
9/28/2016,7.4911
9/29/2016,7.482
9/30/2016,7.4463
10/3/2016,7.4962
10/4/2016,7.4462
10/5/2016,7.4829
10/6/2016,7.4605
10/7/2016,7.4322
10/10/2016,7.485
10/11/2016,7.444
10/12/2016,7.4029
10/13/2016,7.4261
10/14/2016,7.4
10/17/2016,7.4075
10/18/2016,7.406
10/19/2016,7.3963
10/20/2016,7.398
10/21/2016,7.3625
10/24/2016,7.3775
10/25/2016,7.3685
10/26/2016,7.3954
10/27/2016,7.4082
10/28/2016,7.4053
10/31/2016,7.4156
11/1/2016,7.4631
11/2/2016,7.4983
11/3/2016,7.4832
11/4/2016,7.4955
11/7/2016,7.4941
11/8/2016,7.4919
11/9/2016,7.4771
11/10/2016,7.4065
11/11/2016,7.4198
11/14/2016,7.3759
11/15/2016,7.3816
11/16/2016,7.362
11/17/2016,7.3621
11/18/2016,7.3156
11/21/2016,7.3293
11/22/2016,7.31
11/23/2016,7.3157
11/24/2016,7.2988
11/25/2016,7.3295
11/28/2016,7.315
11/29/2016,7.2972
11/30/2016,7.3205
12/1/2016,7.3176
12/2/2016,7.331
12/5/2016,7.3662
12/6/2016,7.3861
12/7/2016,7.3836
12/8/2016,7.4041
12/9/2016,7.2931
12/12/2016,7.3225
12/13/2016,7.3233
12/14/2016,7.3499
12/15/2016,7.2262
12/16/2016,7.2635
12/19/2016,7.2467
12/20/2016,7.2104
12/21/2016,7.2369
12/22/2016,7.256
12/23/2016,7.2555
12/27/2016,7.2619
12/28/2016,7.2384
12/29/2016,7.2706
12/30/2016,7.3202
1/2/2017,7.269
1/3/2017,7.2285
1/4/2017,7.2382
1/5/2017,7.2311
1/6/2017,7.3253
1/9/2017,7.2958
1/10/2017,7.3176
1/11/2017,7.2826
1/12/2017,7.3621
1/13/2017,7.3564
1/16/2017,7.3107
1/17/2017,7.3235
1/18/2017,7.2931
1/19/2017,7.3241
1/20/2017,7.3125
1/23/2017,7.3436
1/24/2017,7.3721
1/25/2017,7.3935
1/26/2017,7.3634
1/27/2017,7.3654
1/30/2017,7.3103
1/31/2017,7.397
2/1/2017,7.427
2/2/2017,7.4377
2/3/2017,7.3776
2/6/2017,7.35
2/7/2017,7.3487
2/8/2017,7.3295
2/9/2017,7.3413
2/10/2017,7.312
2/13/2017,7.3062
2/14/2017,7.2902
2/15/2017,7.2521
2/16/2017,7.3028
2/17/2017,7.3134
2/20/2017,7.3011
2/21/2017,7.2545
2/22/2017,7.2311
2/23/2017,7.2693
2/24/2017,7.2873
2/27/2017,7.2756
2/28/2017,7.278
3/1/2017,7.2472
3/2/2017,7.2399
3/3/2017,7.2872
3/6/2017,7.305
3/7/2017,7.2976
3/8/2017,7.2953
3/9/2017,7.2912
3/10/2017,7.3336
3/13/2017,7.3717
3/14/2017,7.3511
3/15/2017,7.3438
3/16/2017,7.4004
3/17/2017,7.4141
3/20/2017,7.4268
3/21/2017,7.4418
3/22/2017,7.4433
3/23/2017,7.4268
3/24/2017,7.4406
3/27/2017,7.4895
3/28/2017,7.4767
3/29/2017,7.4063
3/30/2017,7.3973
3/31/2017,7.3642
4/3/2017,7.3423
4/4/2017,7.3371
4/5/2017,7.3638
4/6/2017,7.3577
4/7/2017,7.3318
4/10/2017,7.3022
4/11/2017,7.3256
4/12/2017,7.309
4/13/2017,7.3227
4/18/2017,7.3524
4/19/2017,7.3852
4/20/2017,7.3965
4/21/2017,7.3666
4/24/2017,7.4691
4/25/2017,7.4976
4/26/2017,7.5061
4/27/2017,7.5024
4/28/2017,7.5367
5/2/2017,7.5263
5/3/2017,7.5267
5/4/2017,7.535
5/5/2017,7.5655
5/8/2017,7.5513
5/9/2017,7.5201
5/10/2017,7.5116
5/11/2017,7.4957
5/12/2017,7.5047
5/15/2017,7.5629
5/16/2017,7.6185
5/17/2017,7.6552
5/18/2017,7.6698
5/19/2017,7.7015
5/22/2017,7.7457
5/23/2017,7.7277
5/24/2017,7.7119
5/25/2017,7.7018
5/26/2017,7.6782
5/29/2017,7.6714
5/30/2017,7.6597
5/31/2017,7.6449
6/1/2017,7.6389
6/2/2017,7.6507
6/5/2017,7.6553
6/6/2017,7.6491
6/7/2017,7.6253
6/8/2017,7.6332
6/9/2017,7.5962
6/12/2017,7.6284
6/13/2017,7.6245
6/14/2017,7.6147
6/15/2017,7.5985
6/16/2017,7.6089
6/19/2017,7.6342
6/20/2017,7.6159
6/21/2017,7.6091
6/22/2017,7.6323
6/23/2017,7.6413
6/26/2017,7.6541
6/27/2017,7.6853
6/28/2017,7.7348
6/29/2017,7.7412
6/30/2017,7.7385
7/3/2017,7.7253
7/4/2017,7.722
7/5/2017,7.706
7/6/2017,7.7443
7/7/2017,7.759
7/10/2017,7.7484
7/11/2017,7.7577
7/12/2017,7.7716
7/13/2017,7.7443
7/14/2017,7.7419
7/17/2017,7.7591
7/18/2017,7.8001
7/19/2017,7.7889
7/20/2017,7.776
7/21/2017,7.8798
7/24/2017,7.8622
7/25/2017,7.8949
7/26/2017,7.8646
7/27/2017,7.8811
7/28/2017,7.9087
7/31/2017,7.8896
8/1/2017,7.9371
8/2/2017,7.9559
8/3/2017,7.9726
8/4/2017,7.9757
8/7/2017,7.9281
8/8/2017,7.9163
8/9/2017,7.8316
8/10/2017,7.8068
8/11/2017,7.8414
8/14/2017,7.8713
8/15/2017,7.8488
8/16/2017,7.8393
8/17/2017,7.811
8/18/2017,7.8332
8/21/2017,7.8462
8/22/2017,7.843
8/23/2017,7.8584
8/24/2017,7.8646
8/25/2017,7.8596
8/28/2017,7.8979
8/29/2017,7.9467
8/30/2017,7.8559
8/31/2017,7.8059
9/1/2017,7.8185
9/4/2017,7.7728
9/5/2017,7.7865
9/6/2017,7.785
9/7/2017,7.7698
9/8/2017,7.7926
9/11/2017,7.8329
9/12/2017,7.8024
9/13/2017,7.8249
9/14/2017,7.7918
9/15/2017,7.8299
9/18/2017,7.852
9/19/2017,7.8832
9/20/2017,7.8948
9/21/2017,7.848
9/22/2017,7.8805
9/25/2017,7.8599
9/26/2017,7.8189
9/27/2017,7.7984
9/28/2017,7.8436
9/29/2017,7.8534
10/2/2017,7.8138
10/3/2017,7.8073
10/4/2017,7.8163
10/5/2017,7.8108
10/6/2017,7.7891
10/9/2017,7.7788
10/10/2017,7.7609
10/11/2017,7.7989
10/12/2017,7.8111
10/13/2017,7.7831
10/16/2017,7.7782
10/17/2017,7.7846
10/18/2017,7.7867
10/19/2017,7.831
10/20/2017,7.8217
10/23/2017,7.7957
10/24/2017,7.8022
10/25/2017,7.8317
10/26/2017,7.8003
10/27/2017,7.7225
10/30/2017,7.7165
10/31/2017,7.7177
11/1/2017,7.6767
11/2/2017,7.7011
11/3/2017,7.72
11/6/2017,7.6889
11/7/2017,7.675
11/8/2017,7.6838
11/9/2017,7.7193
11/10/2017,7.7412
11/13/2017,7.741
11/14/2017,7.795
11/15/2017,7.8404
11/16/2017,7.8065
11/17/2017,7.8239
11/20/2017,7.8155
11/21/2017,7.7725
11/22/2017,7.7755
11/23/2017,7.7881
11/24/2017,7.8447
11/27/2017,7.8905
11/28/2017,7.8431
11/29/2017,7.8106
11/30/2017,7.8377
12/1/2017,7.8551
12/4/2017,7.8532
12/5/2017,7.8356
12/6/2017,7.8169
12/7/2017,7.8013
12/8/2017,7.7729
12/11/2017,7.8069
12/12/2017,7.7875
12/13/2017,7.7692
12/14/2017,7.8278
12/15/2017,7.8022
12/18/2017,7.8055
12/19/2017,7.8068
12/20/2017,7.7926
12/21/2017,7.8092
12/22/2017,7.7945
12/27/2017,7.7975
12/28/2017,7.8001
12/29/2017,7.8044
1/2/2018,7.8338
1/3/2018,7.8168
1/4/2018,7.838
1/5/2018,7.8151
1/8/2018,7.7816
1/9/2018,7.7865
1/10/2018,7.7996
1/11/2018,7.8127
1/12/2018,7.8417
1/15/2018,7.904
1/16/2018,7.878
1/17/2018,7.8528
1/18/2018,7.8582
1/19/2018,7.8481
1/22/2018,7.8374
1/23/2018,7.8466
1/24/2018,7.8719
1/25/2018,7.8549
1/26/2018,7.8693
1/29/2018,7.8383
1/30/2018,7.8566
1/31/2018,7.834
2/1/2018,7.8451
2/2/2018,7.855
2/5/2018,7.8248
2/6/2018,7.7446
2/7/2018,7.7416
2/8/2018,7.7549
2/9/2018,7.7362
2/12/2018,7.7604
2/13/2018,7.8244
2/14/2018,7.8341
2/15/2018,7.9261
2/16/2018,7.9077
2/19/2018,7.8734
2/20/2018,7.829
2/21/2018,7.8112
2/22/2018,7.8085
2/23/2018,7.7914
2/26/2018,7.7723
2/27/2018,7.7665
2/28/2018,7.7285
3/1/2018,7.729
3/2/2018,7.8121
3/5/2018,7.803
3/6/2018,7.8538
3/7/2018,7.8484
3/8/2018,7.8696
3/9/2018,7.7895
3/12/2018,7.7886
3/13/2018,7.8265
3/14/2018,7.8089
3/15/2018,7.7966
3/16/2018,7.781
3/19/2018,7.7944
3/20/2018,7.7744
3/21/2018,7.777
3/22/2018,7.8016
3/23/2018,7.7975
3/26/2018,7.7924
3/27/2018,7.773
3/28/2018,7.7971
3/29/2018,7.7468
4/3/2018,7.7351
4/4/2018,7.7409
4/5/2018,7.7302
4/6/2018,7.7138
4/9/2018,7.7686
4/10/2018,7.7741
4/11/2018,7.7815
4/12/2018,7.7452
4/13/2018,7.7363
4/16/2018,7.7726
4/17/2018,7.7639
4/18/2018,7.7826
4/19/2018,7.7717
4/20/2018,7.7449
4/23/2018,7.7208
4/24/2018,7.7012
4/25/2018,7.7048
4/26/2018,7.6962
4/27/2018,7.6517
4/30/2018,7.6574
5/2/2018,7.6353
5/3/2018,7.6135
5/4/2018,7.6113
5/7/2018,7.5778
5/8/2018,7.5586
5/9/2018,7.5628
5/10/2018,7.5419
5/11/2018,7.5572
5/14/2018,7.5973
5/15/2018,7.5606
5/16/2018,7.5137
5/17/2018,7.5174
5/18/2018,7.5147
5/21/2018,7.5097
5/22/2018,7.5112
5/23/2018,7.4797
5/24/2018,7.4868
5/25/2018,7.4611
5/28/2018,7.4508
5/29/2018,7.4174
5/30/2018,7.4673
5/31/2018,7.4951
6/1/2018,7.4883
6/4/2018,7.5166
6/5/2018,7.477
6/6/2018,7.523
6/7/2018,7.566
6/8/2018,7.5333
6/11/2018,7.5518
6/12/2018,7.5496
6/13/2018,7.5293
6/14/2018,7.5009
6/15/2018,7.4463
6/18/2018,7.478
6/19/2018,7.4765
6/20/2018,7.4953
6/21/2018,7.4977
6/22/2018,7.5689
6/25/2018,7.6468
6/26/2018,7.6749
6/27/2018,7.6649
6/28/2018,7.6728
6/29/2018,7.717
7/2/2018,7.7586
7/3/2018,7.7481
7/4/2018,7.7207
7/5/2018,7.7672
7/6/2018,7.7937
7/9/2018,7.7967
7/10/2018,7.7767
7/11/2018,7.8359
7/12/2018,7.778
7/13/2018,7.8012
7/16/2018,7.8273
7/17/2018,7.8324
7/18/2018,7.8042
7/19/2018,7.8553
7/20/2018,7.921
7/23/2018,7.9508
7/24/2018,7.9561
7/25/2018,7.9047
7/26/2018,7.9464
7/27/2018,7.9454
7/30/2018,7.9712
7/31/2018,8.0178
8/1/2018,7.9519
8/2/2018,7.9518
8/3/2018,7.9195
8/6/2018,7.9066
8/7/2018,7.9171
8/8/2018,7.9231
8/9/2018,7.9053
8/10/2018,7.8468
8/13/2018,7.8537
8/14/2018,7.8488
8/15/2018,7.8298
8/16/2018,7.8396
8/17/2018,7.842
8/20/2018,7.8351
8/21/2018,7.8748
8/22/2018,7.947
8/23/2018,7.9643
8/24/2018,7.9326
8/27/2018,7.9396
8/28/2018,7.9641
8/29/2018,7.9626
8/30/2018,7.9887
8/31/2018,7.9664
9/3/2018,7.9219
9/4/2018,7.9079
9/5/2018,7.9128
9/6/2018,7.9451
9/7/2018,7.9476
9/10/2018,7.9413
9/11/2018,7.9499
9/12/2018,7.9588
9/13/2018,7.9542
9/14/2018,8.012
9/17/2018,8.0139
9/18/2018,8.0317
9/19/2018,7.9983
9/20/2018,8.0559
9/21/2018,8.0503
9/24/2018,8.0729
9/25/2018,8.0958
9/26/2018,8.0685
9/27/2018,8.055
9/28/2018,7.9662
10/1/2018,7.972
10/2/2018,7.9287
10/3/2018,7.9321
10/4/2018,7.9006
10/5/2018,7.9033
10/8/2018,7.9502
10/9/2018,7.9185
10/10/2018,7.9621
10/11/2018,7.9982
10/12/2018,8.0043
10/15/2018,8.0135
10/16/2018,8.0095
10/17/2018,7.9887
10/18/2018,7.9835
10/19/2018,7.9489
10/22/2018,7.9801
10/23/2018,7.9613
10/24/2018,7.909
10/25/2018,7.9276
10/26/2018,7.8801
10/29/2018,7.9195
10/30/2018,7.9203
10/31/2018,7.8935
11/1/2018,7.9046
11/2/2018,7.8712
11/5/2018,7.878
11/6/2018,7.9015
11/7/2018,7.9426
11/8/2018,7.9192
11/9/2018,7.8852
11/12/2018,7.8447
11/13/2018,7.8354
11/14/2018,7.8543
11/15/2018,7.8448
11/16/2018,7.8859
11/19/2018,7.9349
11/20/2018,7.9299
11/21/2018,7.9121
11/22/2018,7.9052
11/23/2018,7.8866
11/26/2018,7.8869
11/27/2018,7.8708
11/28/2018,7.8464
11/29/2018,7.9063
11/30/2018,7.8897
12/3/2018,7.8074
12/4/2018,7.7986
12/5/2018,7.7848
12/6/2018,7.8239
12/7/2018,7.8244
12/10/2018,7.8967
12/11/2018,7.8498
12/12/2018,7.8155
12/13/2018,7.8246
12/14/2018,7.788
12/17/2018,7.8222
12/18/2018,7.8455
12/19/2018,7.8683
12/20/2018,7.8864
12/21/2018,7.8825
12/24/2018,7.873
12/27/2018,7.8109
12/28/2018,7.8778
12/31/2018,7.8751
1/2/2019,7.8165
1/3/2019,7.8019
1/4/2019,7.828
1/7/2019,7.8421
1/8/2019,7.8405
1/9/2019,7.8226
1/10/2019,7.8213
1/11/2019,7.7922
1/14/2019,7.7595
1/15/2019,7.723
1/16/2019,7.7018
1/17/2019,7.7167
1/18/2019,7.7291
1/21/2019,7.7238
1/22/2019,7.7299
1/23/2019,7.7147
1/24/2019,7.7041
1/25/2019,7.6699
1/28/2019,7.6997
1/29/2019,7.6927
1/30/2019,7.6767
1/31/2019,7.701
2/1/2019,7.7262
2/4/2019,7.7194
2/5/2019,7.6938
2/6/2019,7.685
2/7/2019,7.652
2/8/2019,7.6527
2/11/2019,7.6781
2/12/2019,7.6477
2/13/2019,7.6474
2/14/2019,7.6347
2/15/2019,7.6236
2/18/2019,7.6637
2/19/2019,7.6418
2/20/2019,7.6244
2/21/2019,7.6275
2/22/2019,7.6109
2/25/2019,7.5952
2/26/2019,7.6077
2/27/2019,7.6073
2/28/2019,7.6309
3/1/2019,7.6332
3/4/2019,7.5985
3/5/2019,7.5939
3/6/2019,7.5857
3/7/2019,7.5622
3/8/2019,7.5451
3/11/2019,7.5612
3/12/2019,7.5643
3/13/2019,7.5818
3/14/2019,7.5984
3/15/2019,7.5922
3/18/2019,7.6186
3/19/2019,7.6237
3/20/2019,7.6014
3/21/2019,7.6198
3/22/2019,7.5868
3/25/2019,7.6015
3/26/2019,7.5818
3/27/2019,7.5729
3/28/2019,7.5595
3/29/2019,7.5397
4/1/2019,7.541
4/2/2019,7.5265
4/3/2019,7.5423
4/4/2019,7.5353
4/5/2019,7.5457
4/8/2019,7.5561
4/9/2019,7.5688
4/10/2019,7.5758
4/11/2019,7.5672
4/12/2019,7.5939
4/15/2019,7.5867
4/16/2019,7.5846
4/17/2019,7.5594
4/18/2019,7.5445
4/23/2019,7.5557
4/24/2019,7.5304
4/25/2019,7.5047
4/26/2019,7.4991
4/29/2019,7.5067
4/30/2019,7.5541
5/2/2019,7.5508
5/3/2019,7.5124
5/6/2019,7.5771
5/7/2019,7.571
5/8/2019,7.595
5/9/2019,7.6374
5/10/2019,7.6628
5/13/2019,7.7335
5/14/2019,7.7252
5/15/2019,7.6925
5/16/2019,7.7067
5/17/2019,7.7245
5/20/2019,7.7228
5/21/2019,7.7081
5/22/2019,7.7108
5/23/2019,7.7058
5/24/2019,7.7206
5/27/2019,7.7254
5/28/2019,7.7345
5/29/2019,7.7081
5/30/2019,7.6903
5/31/2019,7.7045
6/3/2019,7.7253
6/4/2019,7.7686
6/5/2019,7.7754
6/6/2019,7.788
6/7/2019,7.7893
6/10/2019,7.8365
6/11/2019,7.8243
6/12/2019,7.8346
6/13/2019,7.8144
6/14/2019,7.7997
6/17/2019,7.7794
6/18/2019,7.7486
6/19/2019,7.7378
6/20/2019,7.7502
6/21/2019,7.7792
6/24/2019,7.8354
6/25/2019,7.8347
6/26/2019,7.8139
6/27/2019,7.8199
6/28/2019,7.8185
7/1/2019,7.7654
7/2/2019,7.7706
7/3/2019,7.7703
7/4/2019,7.7567
7/5/2019,7.7425
7/8/2019,7.7173
7/9/2019,7.7155
7/10/2019,7.7227
7/11/2019,7.7477
7/12/2019,7.7432
7/15/2019,7.7484
7/16/2019,7.7187
7/17/2019,7.7131
7/18/2019,7.7168
7/19/2019,7.7217
7/22/2019,7.7168
7/23/2019,7.6856
7/24/2019,7.6588
7/25/2019,7.6393
7/26/2019,7.6609
7/29/2019,7.6648
7/30/2019,7.6761
7/31/2019,7.6743
8/1/2019,7.6177
8/2/2019,7.7058
8/5/2019,7.8705
8/6/2019,7.8521
8/7/2019,7.8957
8/8/2019,7.8873
8/9/2019,7.9039
8/12/2019,7.9014
8/13/2019,7.9303
8/14/2019,7.8526
8/15/2019,7.8463
8/16/2019,7.7978
8/19/2019,7.8283
8/20/2019,7.818
8/21/2019,7.8438
8/22/2019,7.8523
8/23/2019,7.8439
8/26/2019,7.9429
8/27/2019,7.9519
8/28/2019,7.9357
8/29/2019,7.9081
8/30/2019,7.8908
9/2/2019,7.8657
9/3/2019,7.8513
9/4/2019,7.8808
9/5/2019,7.8996
9/6/2019,7.8442
9/9/2019,7.861
9/10/2019,7.8445
9/11/2019,7.8309
9/12/2019,7.7702
9/13/2019,7.8589
9/16/2019,7.7957
9/17/2019,7.8249
9/18/2019,7.8349
9/19/2019,7.8518
9/20/2019,7.8207
9/23/2019,7.8279
9/24/2019,7.8199
9/25/2019,7.8239
9/26/2019,7.7976
9/27/2019,7.7947
9/30/2019,7.7784
10/1/2019,7.7903
10/2/2019,7.8096
10/3/2019,7.8282
10/4/2019,7.8497
10/7/2019,7.8582
10/8/2019,7.8474
10/9/2019,7.8265
10/10/2019,7.8567
10/11/2019,7.8417
10/14/2019,7.7988
10/15/2019,7.7943
10/16/2019,7.827
10/17/2019,7.8657
10/18/2019,7.8941
10/21/2019,7.9025
10/22/2019,7.8795
10/23/2019,7.8684
10/24/2019,7.8704
10/25/2019,7.8524
10/28/2019,7.8366
10/29/2019,7.8392
10/30/2019,7.8371
10/31/2019,7.854
11/1/2019,7.844
11/4/2019,7.8425
11/5/2019,7.7734
11/6/2019,7.7604
11/7/2019,7.7271
11/8/2019,7.7115
11/11/2019,7.7404
11/12/2019,7.7187
11/13/2019,7.7281
11/14/2019,7.721
11/15/2019,7.7343
11/18/2019,7.7629
11/19/2019,7.7829
11/20/2019,7.7786
11/21/2019,7.7933
11/22/2019,7.7834
11/25/2019,7.7454
11/26/2019,7.7576
11/27/2019,7.7353
11/28/2019,7.7416
11/29/2019,7.7172
12/2/2019,7.7625
12/3/2019,7.814
12/4/2019,7.8149
12/5/2019,7.8125
12/6/2019,7.7993
12/9/2019,7.796
12/10/2019,7.7968
12/11/2019,7.796
12/12/2019,7.8374
12/13/2019,7.79
12/16/2019,7.8025
12/17/2019,7.809
12/18/2019,7.7783
12/19/2019,7.7931
12/20/2019,7.7764
12/23/2019,7.7652
12/24/2019,7.7643
12/27/2019,7.8025
12/30/2019,7.8175
12/31/2019,7.8205
1/2/2020,7.7946
1/3/2020,7.7712
1/6/2020,7.8049
1/7/2020,7.7562
1/8/2020,7.7184
1/9/2020,7.7011
1/10/2020,7.6773
1/13/2020,7.6697
1/14/2020,7.6536
1/15/2020,7.6746
1/16/2020,7.6837
1/17/2020,7.6186
1/20/2020,7.6112
1/21/2020,7.6732
1/22/2020,7.653
1/23/2020,7.6897
1/24/2020,7.6509
1/27/2020,7.6477
1/28/2020,7.6338
1/29/2020,7.631
1/30/2020,7.6504
1/31/2020,7.6664
2/3/2020,7.7681
2/4/2020,7.7298
2/5/2020,7.6858
2/6/2020,7.6676
2/7/2020,7.6711
2/10/2020,7.6471
2/11/2020,7.6025
2/12/2020,7.6073
2/13/2020,7.589
2/14/2020,7.5757
2/17/2020,7.5645
2/18/2020,7.5732
2/19/2020,7.5538
2/20/2020,7.5787
2/21/2020,7.5945
2/24/2020,7.6102
2/25/2020,7.6045
2/26/2020,7.6329
2/27/2020,7.6813
2/28/2020,7.6662
3/2/2020,7.7469
3/3/2020,7.7572
3/4/2020,7.7014
3/5/2020,7.7579
3/6/2020,7.8511
3/9/2020,7.96
3/10/2020,7.924
3/11/2020,7.8801
3/12/2020,7.8877
3/13/2020,7.7587
3/16/2020,7.8351
3/17/2020,7.7095
3/18/2020,7.6925
3/19/2020,7.6849
3/20/2020,7.5919
3/23/2020,7.6385
3/24/2020,7.6549
3/25/2020,7.6844
3/26/2020,7.7675
3/27/2020,7.7894
3/30/2020,7.8337
3/31/2020,7.7784
4/1/2020,7.7653
4/2/2020,7.7387
4/3/2020,7.6476
4/6/2020,7.6519
4/7/2020,7.6802
4/8/2020,7.6818
4/9/2020,7.6709
4/14/2020,7.7366
4/15/2020,7.6998
4/16/2020,7.6991
4/17/2020,7.6821
4/20/2020,7.6819
4/21/2020,7.6888
4/22/2020,7.6964
4/23/2020,7.6259
4/24/2020,7.6455
4/27/2020,7.686
4/28/2020,7.6977
4/29/2020,7.6723
4/30/2020,7.6665
5/4/2020,7.7275
5/5/2020,7.6575
5/6/2020,7.6707
5/7/2020,7.6427
5/8/2020,7.6719
5/11/2020,7.6783
5/12/2020,7.6933
5/13/2020,7.7102
5/14/2020,7.6655
5/15/2020,7.6759
5/18/2020,7.7068
5/19/2020,7.7816
5/20/2020,7.7806
5/21/2020,7.8153
5/22/2020,7.7797
5/25/2020,7.7856
5/26/2020,7.8269
5/27/2020,7.8682
5/28/2020,7.8804
5/29/2020,7.9456
6/1/2020,7.9327
6/2/2020,7.9413
6/3/2020,7.9599
6/4/2020,8.0066
6/5/2020,8.0349
6/8/2020,7.9836
6/9/2020,8.0025
6/10/2020,8.0305
6/11/2020,8.025
6/12/2020,7.999
6/15/2020,7.984
6/16/2020,8.0041
6/17/2020,7.9602
6/18/2020,7.9545
6/19/2020,7.9332
6/22/2020,7.9348
6/23/2020,7.9944
6/24/2020,7.9772
6/25/2020,7.9206
6/26/2020,7.9298
6/29/2020,7.9841
6/30/2020,7.9219
7/1/2020,7.9151
7/2/2020,7.9759
7/3/2020,7.931
7/6/2020,7.9498
7/7/2020,7.9287
7/8/2020,7.9163
7/9/2020,7.923
7/10/2020,7.8952
7/13/2020,7.9309
7/14/2020,7.9805
7/15/2020,7.9975
7/16/2020,7.9861
7/17/2020,7.9975
7/20/2020,7.9992
7/21/2020,7.9982
7/22/2020,8.0999
7/23/2020,8.1057
7/24/2020,8.1453
7/27/2020,8.2344
7/28/2020,8.2041
7/29/2020,8.2067
7/30/2020,8.224
7/31/2020,8.2637
8/3/2020,8.19
8/4/2020,8.2157
8/5/2020,8.2277
8/6/2020,8.2325
8/7/2020,8.2238
8/10/2020,8.2003
8/11/2020,8.1857
8/12/2020,8.1758
8/13/2020,8.2187
8/14/2020,8.21
8/17/2020,8.2262
8/18/2020,8.2407
8/19/2020,8.2472
8/20/2020,8.1985
8/21/2020,8.1483
8/24/2020,8.1897
8/25/2020,8.1671
8/26/2020,8.1262
8/27/2020,8.1323
8/28/2020,8.1749
8/31/2020,8.1711
9/1/2020,8.1739
9/2/2020,8.0976
9/3/2020,8.0802
9/4/2020,8.1006
9/7/2020,8.0789
9/8/2020,8.0658
9/9/2020,8.0584
9/10/2020,8.1022
9/11/2020,8.1043
9/14/2020,8.0987
9/15/2020,8.0526
9/16/2020,8.0229
9/17/2020,7.9861
9/18/2020,8.0146
9/21/2020,7.9992
9/22/2020,7.955
9/23/2020,7.9433
9/24/2020,7.9527
9/25/2020,7.9451
9/28/2020,7.951
9/29/2020,7.9777
9/30/2020,7.972
10/1/2020,7.9805
10/2/2020,7.9656
10/5/2020,8.0128
10/6/2020,8.0111
10/7/2020,7.9934
10/8/2020,7.9894
10/9/2020,7.9047
10/12/2020,7.9578
10/13/2020,7.9388
10/14/2020,7.9092
10/15/2020,7.8756
10/16/2020,7.8639
10/19/2020,7.8767
10/20/2020,7.8918
10/21/2020,7.8879
10/22/2020,7.898
10/23/2020,7.9157
10/26/2020,7.9342
10/27/2020,7.9345
10/28/2020,7.8845
10/29/2020,7.8531
10/30/2020,7.8158
11/2/2020,7.7962
11/3/2020,7.8198
11/4/2020,7.8038
11/5/2020,7.8331
11/6/2020,7.8468
11/9/2020,7.8475
11/10/2020,7.8107
11/11/2020,7.7943
11/12/2020,7.8105
11/13/2020,7.8071
11/16/2020,7.7945
11/17/2020,7.7892
11/18/2020,7.782
11/19/2020,7.7927
11/20/2020,7.7916
11/23/2020,7.8178
11/24/2020,7.8152
11/25/2020,7.8189
11/26/2020,7.8254
11/27/2020,7.8422
11/30/2020,7.8798
12/1/2020,7.8639
12/2/2020,7.9203
12/3/2020,7.9567
12/4/2020,7.9421
12/7/2020,7.931
12/8/2020,7.9115
12/9/2020,7.9167
12/10/2020,7.9254
12/11/2020,7.9386
12/14/2020,7.9588
12/15/2020,7.9462
12/16/2020,7.9633
12/17/2020,8.0006
12/18/2020,8.0146
12/21/2020,7.9784
12/22/2020,8.0056
12/23/2020,7.9549
12/24/2020,7.9624
12/28/2020,7.9906
12/29/2020,8.007
12/30/2020,8.0134
12/31/2020,8.0225
1/4/2021,7.9484
1/5/2021,7.9315
1/6/2021,7.9653
1/7/2021,7.9392
1/8/2021,7.9184
1/11/2021,7.8806
1/12/2021,7.8576
1/13/2021,7.8716
1/14/2021,7.8409
1/15/2021,7.8499
1/18/2021,7.8359
1/19/2021,7.861
1/20/2021,7.8292
1/21/2021,7.8552
1/22/2021,7.8822
1/25/2021,7.8712
1/26/2021,7.8537
1/27/2021,7.8411
1/28/2021,7.8226
1/29/2021,7.8047
2/1/2021,7.8143
2/2/2021,7.7756
2/3/2021,7.7623
2/4/2021,7.7542
2/5/2021,7.7535
2/8/2021,7.7618
2/9/2021,7.7894
2/10/2021,7.8235
2/11/2021,7.8448
2/12/2021,7.8207
2/15/2021,7.8332
2/16/2021,7.8422
2/17/2021,7.7886
2/18/2021,7.8172
2/19/2021,7.8318
2/22/2021,7.8447
2/23/2021,7.8506
2/24/2021,7.8362
2/25/2021,7.8898
2/26/2021,7.8385
3/1/2021,7.797
3/2/2021,7.784
3/3/2021,7.7897
3/4/2021,7.7846
3/5/2021,7.7489
3/8/2021,7.7446
3/9/2021,7.7478
3/10/2021,7.7433
3/11/2021,7.7614
3/12/2021,7.7636
3/15/2021,7.7508
3/16/2021,7.7519
3/17/2021,7.7435
3/18/2021,7.7507
3/19/2021,7.7413
3/22/2021,7.7582
3/23/2021,7.7367
3/24/2021,7.7133
3/25/2021,7.722
3/26/2021,7.7063
3/29/2021,7.7334
3/30/2021,7.7154
3/31/2021,7.6812
4/1/2021,7.7195
4/6/2021,7.739
4/7/2021,7.7761
4/8/2021,7.7749
4/9/2021,7.7934
4/12/2021,7.7907
4/13/2021,7.7905
4/14/2021,7.8146
4/15/2021,7.8129
4/16/2021,7.8157
4/19/2021,7.8323
4/20/2021,7.8303
4/21/2021,7.8011
4/22/2021,7.8181
4/23/2021,7.832
4/26/2021,7.8379
4/27/2021,7.8373
4/28/2021,7.8268
4/29/2021,7.8463
4/30/2021,7.8134
5/3/2021,7.7967
5/4/2021,7.8136
5/5/2021,7.7636
5/6/2021,7.8054
5/7/2021,7.7809
5/10/2021,7.8045
5/11/2021,7.8177
5/12/2021,7.8051
5/13/2021,7.7969
5/14/2021,7.8024
5/17/2021,7.8226
5/18/2021,7.8501
5/19/2021,7.8594
5/20/2021,7.8563
5/21/2021,7.8393
5/24/2021,7.8487
5/25/2021,7.856
5/26/2021,7.8149
5/27/2021,7.7808
5/28/2021,7.7422
5/31/2021,7.7722
6/1/2021,7.8043
6/2/2021,7.7812
6/3/2021,7.791
6/4/2021,7.7667
6/7/2021,7.7795
6/8/2021,7.7938
6/9/2021,7.7879
6/10/2021,7.7828
6/11/2021,7.7519
6/14/2021,7.7501
6/15/2021,7.7502
6/16/2021,7.7582
6/17/2021,7.6877
6/18/2021,7.6619
6/21/2021,7.6916
6/22/2021,7.7014
6/23/2021,7.7393
6/24/2021,7.7193
6/25/2021,7.7139
6/28/2021,7.6922
6/29/2021,7.6814
6/30/2021,7.6742
7/1/2021,7.6842
7/2/2021,7.6594
7/5/2021,7.6677
7/6/2021,7.6545
7/7/2021,7.6478
7/8/2021,7.6832
7/9/2021,7.6834
7/12/2021,7.6751
7/13/2021,7.6598
7/14/2021,7.6268
7/15/2021,7.6304
7/16/2021,7.6373
7/19/2021,7.6344
7/20/2021,7.6305
7/21/2021,7.6201
7/22/2021,7.6153
7/23/2021,7.6224
7/26/2021,7.6426
7/27/2021,7.6799
7/28/2021,7.6722
7/29/2021,7.6691
7/30/2021,7.6838
8/2/2021,7.6807
8/3/2021,7.6818
8/4/2021,7.6638
8/5/2021,7.6555
8/6/2021,7.6379
8/9/2021,7.619
8/10/2021,7.5975
8/11/2021,7.5996
8/12/2021,7.6036
8/13/2021,7.6237
8/16/2021,7.6243
8/17/2021,7.6244
8/18/2021,7.5976
8/19/2021,7.5901
8/20/2021,7.5854
8/23/2021,7.599
8/24/2021,7.6042
8/25/2021,7.6031
8/26/2021,7.6285
8/27/2021,7.6195
8/30/2021,7.6347
8/31/2021,7.6465
9/1/2021,7.6421
9/2/2021,7.6503
9/3/2021,7.6555
9/6/2021,7.6611
9/7/2021,7.667
9/8/2021,7.6376
9/9/2021,7.6402
9/10/2021,7.6228
9/13/2021,7.6059
9/14/2021,7.6168
9/15/2021,7.6069
9/16/2021,7.5849
9/17/2021,7.6044
9/20/2021,7.5726
9/21/2021,7.5945
9/22/2021,7.585
9/23/2021,7.5643
9/24/2021,7.5803
9/27/2021,7.5609
9/28/2021,7.5433
9/29/2021,7.5347
9/30/2021,7.4847
10/1/2021,7.4781
10/4/2021,7.5013
10/5/2021,7.4805
10/6/2021,7.4407
10/7/2021,7.4536
10/8/2021,7.4591
10/11/2021,7.4644
10/12/2021,7.4522
10/13/2021,7.4482
10/14/2021,7.4683
10/15/2021,7.4663
10/18/2021,7.4617
10/19/2021,7.4464
10/20/2021,7.4302
10/21/2021,7.4463
10/22/2021,7.4337
10/25/2021,7.4142
10/26/2021,7.4124
10/27/2021,7.426
10/28/2021,7.4169
10/29/2021,7.4488
11/1/2021,7.4077
11/2/2021,7.4239
11/3/2021,7.4082
11/4/2021,7.3983
11/5/2021,7.3756
11/8/2021,7.4048
11/9/2021,7.3989
11/10/2021,7.3866
11/11/2021,7.3292
11/12/2021,7.3047
11/15/2021,7.3034
11/16/2021,7.2627
11/17/2021,7.217
11/18/2021,7.2419
11/19/2021,7.2027
11/22/2021,7.1975
11/23/2021,7.1943
11/24/2021,7.16
11/25/2021,7.1676
11/26/2021,7.2149
11/29/2021,7.2002
11/30/2021,7.2395
12/1/2021,7.2065
12/2/2021,7.2297
12/3/2021,7.1935
12/6/2021,7.1986
12/7/2021,7.1671
12/8/2021,7.1726
12/9/2021,7.2114
12/10/2021,7.1814
12/13/2021,7.1777
12/14/2021,7.1956
12/15/2021,7.1691
12/16/2021,7.2183
12/17/2021,7.2234
12/20/2021,7.1882
12/21/2021,7.1965
12/22/2021,7.1999
12/23/2021,7.2056
12/24/2021,7.2064
12/27/2021,7.2087
12/28/2021,7.2159
12/29/2021,7.1994
12/30/2021,7.223
12/31/2021,7.1947
1/3/2022,7.2174
1/4/2022,7.1924
1/5/2022,7.2087
1/6/2022,7.2187
1/7/2022,7.206
1/10/2022,7.2128
1/11/2022,7.2255
1/12/2022,7.2379
1/13/2022,7.2913
1/14/2022,7.2728
1/17/2022,7.2402
1/18/2022,7.2212
1/19/2022,7.2003
1/20/2022,7.1936
1/21/2022,7.1946
1/24/2022,7.1533
1/25/2022,7.1325
1/26/2022,7.1293
1/27/2022,7.1061
1/28/2022,7.0857
1/31/2022,7.0963
2/1/2022,7.1625
2/2/2022,7.2026
2/3/2022,7.1795
2/4/2022,7.2923
2/7/2022,7.2807
2/8/2022,7.2636
2/9/2022,7.2759
2/10/2022,7.2722
2/11/2022,7.2564
2/14/2022,7.1937
2/15/2022,7.1969
2/16/2022,7.2101
2/17/2022,7.206
2/18/2022,7.184
2/21/2022,7.1831
2/22/2022,7.1771
2/23/2022,7.1669
2/24/2022,7.0601
2/25/2022,7.0828
2/28/2022,7.067
3/1/2022,7.0462
3/2/2022,7.0153
3/3/2022,6.9996
3/4/2022,6.9065
3/7/2022,6.8846
3/8/2022,6.8805
3/9/2022,6.9454
3/10/2022,7.0063
3/11/2022,6.9633
3/14/2022,6.9738
3/15/2022,7.0117
3/16/2022,6.9817
3/17/2022,7.0176
3/18/2022,7.0031
3/21/2022,7.0152
3/22/2022,7.0137
3/23/2022,7.0003
3/24/2022,6.9933
3/25/2022,7.0007
3/28/2022,6.9862
3/29/2022,7.055
3/30/2022,7.0666
3/31/2022,7.0403
4/1/2022,7.0311
4/4/2022,7.0026
4/5/2022,6.9783
4/6/2022,6.9498
4/7/2022,6.9448
4/8/2022,6.9115
4/11/2022,6.9405
4/12/2022,6.9199
4/13/2022,6.8939
4/14/2022,6.932
4/19/2022,6.9008
4/20/2022,6.9448
4/21/2022,7.0228
4/22/2022,7.0332
4/25/2022,7.0398
4/26/2022,6.9837
4/27/2022,6.9377
4/28/2022,6.9381
4/29/2022,6.9441
5/2/2022,6.9548
5/3/2022,6.9759
5/4/2022,6.9594
5/5/2022,6.9944
5/6/2022,7.0506
5/9/2022,7.0886
5/10/2022,7.0967
5/11/2022,7.0893
5/12/2022,7.0691
5/13/2022,7.0513
5/16/2022,7.0786
5/17/2022,7.0899
5/18/2022,7.0972
5/19/2022,7.1028
5/20/2022,7.0638
5/23/2022,7.085
5/24/2022,7.1449
5/25/2022,7.1334
5/26/2022,7.2024
5/27/2022,7.1831
5/30/2022,7.1735
5/31/2022,7.1402
6/1/2022,7.1586
6/2/2022,7.135
6/3/2022,7.1465
6/6/2022,7.1223
6/7/2022,7.1146
6/8/2022,7.1785
6/9/2022,7.1722
6/10/2022,7.0868
6/13/2022,7.0434
6/14/2022,7.0417
6/15/2022,7.0013
6/16/2022,6.9844
6/17/2022,7.0308
6/20/2022,7.0346
6/21/2022,7.068
6/22/2022,7.0604
6/23/2022,7.0367
6/24/2022,7.0478
6/27/2022,7.0737
6/28/2022,7.0775
6/29/2022,7.0382
6/30/2022,6.9624
7/1/2022,6.987
7/4/2022,6.9977
7/5/2022,6.9029
7/6/2022,6.8289
7/7/2022,6.823
7/8/2022,6.8095
7/11/2022,6.7793
7/12/2022,6.7518
7/13/2022,6.7722
7/14/2022,6.7618
7/15/2022,6.7943
7/18/2022,6.8266
7/19/2022,6.9064
7/20/2022,6.8892
7/21/2022,6.904
7/22/2022,6.8852
7/25/2022,6.9094
7/26/2022,6.8451
7/27/2022,6.8534
7/28/2022,6.8325
7/29/2022,6.8705
8/1/2022,6.9105
8/2/2022,6.9117
8/3/2022,6.883
8/4/2022,6.8769
8/5/2022,6.9068
8/8/2022,6.8931
8/9/2022,6.9106
8/10/2022,6.9222
8/11/2022,6.9668
8/12/2022,6.9352
8/15/2022,6.905
8/16/2022,6.8767
8/17/2022,6.8917
8/18/2022,6.906
8/19/2022,6.8531
8/22/2022,6.8457
8/23/2022,6.7952
8/24/2022,6.822
8/25/2022,6.8317
8/26/2022,6.8671
8/29/2022,6.9044
8/30/2022,6.9233
8/31/2022,6.8947
9/1/2022,6.9017
9/2/2022,6.9031
9/5/2022,6.8768
9/6/2022,6.9091
9/7/2022,6.8968
9/8/2022,6.9564
9/9/2022,6.9543
9/12/2022,7.0348
9/13/2022,7.0467
9/14/2022,6.955
9/15/2022,6.9852
9/16/2022,6.9787
9/19/2022,7.0066
9/20/2022,7.003
9/21/2022,6.9821
9/22/2022,6.9804
9/23/2022,6.9442
9/26/2022,6.9075
9/27/2022,6.9156
9/28/2022,6.9199
9/29/2022,6.9223
9/30/2022,6.9368
10/3/2022,6.9481
10/4/2022,7.0384
10/5/2022,7.0555
10/6/2022,7.0164
10/7/2022,6.9715
10/10/2022,6.9344
10/11/2022,6.9669
10/12/2022,6.9603
10/13/2022,6.9945
10/14/2022,6.9952
10/17/2022,7.013
10/18/2022,7.0805
10/19/2022,7.0672
10/20/2022,7.0858
10/21/2022,7.0504
10/24/2022,7.1544
10/25/2022,7.2072
10/26/2022,7.1948
10/27/2022,7.2552
10/28/2022,7.2159
10/31/2022,7.238
11/1/2022,7.2165
11/2/2022,7.2156
11/3/2022,7.1367
11/4/2022,7.0894
11/7/2022,7.2189
11/8/2022,7.2495
11/9/2022,7.2813
11/10/2022,7.2184
11/11/2022,7.3267
11/14/2022,7.2906
11/15/2022,7.3299
11/16/2022,7.372
11/17/2022,7.3859
11/18/2022,7.379
11/21/2022,7.3419
11/22/2022,7.3344
11/23/2022,7.3982
11/24/2022,7.4442
11/25/2022,7.4425
11/28/2022,7.5326
11/29/2022,7.4289
11/30/2022,7.3437
12/1/2022,7.3965
12/2/2022,7.3971
12/5/2022,7.3573
12/6/2022,7.3494
12/7/2022,7.3476
12/8/2022,7.3324
12/9/2022,7.3475
12/12/2022,7.367
12/13/2022,7.3637
12/14/2022,7.4009
12/15/2022,7.4007
12/16/2022,7.4037
12/19/2022,7.3901
12/20/2022,7.39
12/21/2022,7.4219
12/22/2022,7.4229
12/23/2022,7.4198
12/27/2022,7.3994
12/28/2022,7.4224
12/29/2022,7.4151
12/30/2022,7.3582
1/2/2023,7.3698
1/3/2023,7.2863
1/4/2023,7.2985
1/5/2023,7.2863
1/6/2023,7.2045
1/9/2023,7.2546
1/10/2023,7.2732
1/11/2023,7.2807
1/12/2023,7.27
1/13/2023,7.2729
1/16/2023,7.2791
1/17/2023,7.3473
1/18/2023,7.3193
1/19/2023,7.3424
1/20/2023,7.3425
1/23/2023,7.373
1/24/2023,7.3642
1/25/2023,7.3778
1/26/2023,7.3893
1/27/2023,7.369
1/30/2023,7.3601
1/31/2023,7.3198
2/1/2023,7.3452
2/2/2023,7.3878
2/3/2023,7.3689
2/6/2023,7.309
2/7/2023,7.2608
2/8/2023,7.2841
2/9/2023,7.2992
2/10/2023,7.2837
2/13/2023,7.293
2/14/2023,7.3314
2/15/2023,7.3229
2/16/2023,7.3351
2/17/2023,7.3081
2/20/2023,7.3191
2/21/2023,7.3372
2/22/2023,7.3367
2/23/2023,7.3227
2/24/2023,7.3398
2/27/2023,7.3378
2/28/2023,7.3663
3/1/2023,7.3349
3/2/2023,7.3285
3/3/2023,7.3326
3/6/2023,7.3802
3/7/2023,7.3975
3/8/2023,7.3315
3/9/2023,7.3515
3/10/2023,7.3594
3/13/2023,7.3413
3/14/2023,7.3758
3/15/2023,7.2865
3/16/2023,7.3045
3/17/2023,7.3117
3/20/2023,7.3739
3/21/2023,7.4058
3/22/2023,7.4238
3/23/2023,7.4312
3/24/2023,7.3826
3/27/2023,7.4131
3/28/2023,7.4554
3/29/2023,7.4679
3/30/2023,7.4898
3/31/2023,7.4763
4/3/2023,7.4832
4/4/2023,7.5034
4/5/2023,7.5265
4/6/2023,7.5014
4/11/2023,7.508
4/12/2023,7.5183
4/13/2023,7.5758
4/14/2023,7.5761
4/17/2023,7.5433
4/18/2023,7.5436
4/19/2023,7.5406
4/20/2023,7.5298
4/21/2023,7.5619
4/24/2023,7.5837
4/25/2023,7.6289
4/26/2023,7.6424
4/27/2023,7.6454
4/28/2023,7.5979
5/2/2023,7.5791
5/3/2023,7.633
5/4/2023,7.6538
5/5/2023,7.6112
5/8/2023,7.6347
5/9/2023,7.5853
5/10/2023,7.5818
5/11/2023,7.5817
5/12/2023,7.5722
5/15/2023,7.5621
5/16/2023,7.5793
5/17/2023,7.5762
5/18/2023,7.5983
5/19/2023,7.5766
5/22/2023,7.6067
5/23/2023,7.6039
5/24/2023,7.6005
5/25/2023,7.5891
5/26/2023,7.5874
5/29/2023,7.582
5/30/2023,7.599
5/31/2023,7.5926
6/1/2023,7.6066
6/2/2023,7.6065
6/5/2023,7.6062
6/6/2023,7.604
6/7/2023,7.6235
6/8/2023,7.6541
6/9/2023,7.6839
6/12/2023,7.6888
6/13/2023,7.7167
6/14/2023,7.7363
6/15/2023,7.7491
6/16/2023,7.81
6/19/2023,7.8182
6/20/2023,7.8462
6/21/2023,7.8519
6/22/2023,7.8866
6/23/2023,7.8141
6/26/2023,7.8972
6/27/2023,7.8976
6/28/2023,7.9262
6/29/2023,7.914
6/30/2023,7.8983
7/3/2023,7.9007
7/4/2023,7.8646
7/5/2023,7.8798
7/6/2023,7.882
7/7/2023,7.8773
7/10/2023,7.9291
7/11/2023,7.9143
7/12/2023,7.9274
7/13/2023,8.0098
7/14/2023,8.0076
7/17/2023,8.0457
7/18/2023,8.0745
7/19/2023,8.1014
7/20/2023,8.024
7/21/2023,7.986
7/24/2023,7.9749
7/25/2023,7.8915
7/26/2023,7.9109
7/27/2023,7.951
7/28/2023,7.8799
7/31/2023,7.8808
8/1/2023,7.862
8/2/2023,7.8829
8/3/2023,7.8397
8/4/2023,7.8661
8/7/2023,7.8976
8/8/2023,7.895
8/9/2023,7.903
8/10/2023,7.9434
8/11/2023,7.9584
8/14/2023,7.9356
8/15/2023,7.9605
8/16/2023,7.9657
8/17/2023,7.9387
8/18/2023,7.9197
8/21/2023,7.9456
8/22/2023,7.9387
8/23/2023,7.8796
8/24/2023,7.8934
8/25/2023,7.8783
8/28/2023,7.8822
8/29/2023,7.88
8/30/2023,7.9347
8/31/2023,7.9196
9/1/2023,7.8679
9/4/2023,7.8528
9/5/2023,7.838
9/6/2023,7.8476
9/7/2023,7.8488
9/8/2023,7.8565
9/11/2023,7.823
9/12/2023,7.8115
9/13/2023,7.8144
9/14/2023,7.8093
9/15/2023,7.7561
9/18/2023,7.7796
9/19/2023,7.8111
9/20/2023,7.8059
9/21/2023,7.7695
9/22/2023,7.7766
9/25/2023,7.7728
9/26/2023,7.7517
9/27/2023,7.7031
9/28/2023,7.6986
9/29/2023,7.7352
10/2/2023,7.6885
10/3/2023,7.6439
10/4/2023,7.6644
10/5/2023,7.6856
10/6/2023,7.7162
10/9/2023,7.6784
10/10/2023,7.7238
10/11/2023,7.7433
10/12/2023,7.7514
10/13/2023,7.6902
10/16/2023,7.7058
10/17/2023,7.7288
10/18/2023,7.7278
10/19/2023,7.7233
10/20/2023,7.7489
10/23/2023,7.7529
10/24/2023,7.772
10/25/2023,7.7381
10/26/2023,7.7142
10/27/2023,7.7143
10/30/2023,7.7595
10/31/2023,7.7686
11/1/2023,7.712
11/2/2023,7.8009
11/3/2023,7.8193
11/6/2023,7.8094
11/7/2023,7.7839
11/8/2023,7.7699
11/9/2023,7.7886
11/10/2023,7.7874
11/13/2023,7.7794
11/14/2023,7.8171
11/15/2023,7.8702
11/16/2023,7.8655
11/17/2023,7.8414
11/20/2023,7.8378
11/21/2023,7.8178
11/22/2023,7.8015
11/23/2023,7.7852
11/24/2023,7.809
11/27/2023,7.8331
11/28/2023,7.8323
11/29/2023,7.8296
11/30/2023,7.8008
12/1/2023,7.7685
12/4/2023,7.758
12/5/2023,7.7269
12/6/2023,7.7148
12/7/2023,7.7058
12/8/2023,7.7179
12/11/2023,7.7206
12/12/2023,7.7447
12/13/2023,7.7426
12/14/2023,7.7866
12/15/2023,7.7812
12/18/2023,7.7893
12/19/2023,7.8231
12/20/2023,7.8121
12/21/2023,7.8426
12/22/2023,7.864
12/27/2023,7.9086
12/28/2023,7.8941
12/29/2023,7.8509
1/2/2024,7.8264
1/3/2024,7.8057
1/4/2024,7.833
1/5/2024,7.813
1/8/2024,7.8397
1/9/2024,7.8381
1/10/2024,7.8476
1/11/2024,7.8649
1/12/2024,7.8451
1/15/2024,7.8529
1/16/2024,7.8237
1/17/2024,7.8262
1/18/2024,7.8231
1/19/2024,7.8291
1/22/2024,7.8349
1/23/2024,7.7953
1/24/2024,7.7996
1/25/2024,7.8093
1/26/2024,7.7994
1/29/2024,7.7702
1/30/2024,7.7866
1/31/2024,7.7789
2/1/2024,7.7668
2/2/2024,7.8111
2/5/2024,7.735
2/6/2024,7.7231
2/7/2024,7.7529
2/8/2024,7.742
2/9/2024,7.7489
2/12/2024,7.7497
2/13/2024,7.7641
2/14/2024,7.7065
2/15/2024,7.7288
2/16/2024,7.7461
2/19/2024,7.757
2/20/2024,7.7718
2/21/2024,7.773
2/22/2024,7.7988
2/23/2024,7.7972
2/26/2024,7.81
2/27/2024,7.814
2/28/2024,7.7807
2/29/2024,7.7888
3/1/2024,7.7837
3/4/2024,7.8084
3/5/2024,7.8104
3/6/2024,7.8281
3/7/2024,7.8412
3/8/2024,7.8594
3/11/2024,7.8471
3/12/2024,7.835
3/13/2024,7.8678
3/14/2024,7.8564
3/15/2024,7.838
3/18/2024,7.8402
3/19/2024,7.814
3/20/2024,7.8058
3/21/2024,7.852
3/22/2024,7.8245
3/25/2024,7.8134
3/26/2024,7.8358
3/27/2024,7.8182
3/28/2024,7.8144
4/2/2024,7.7779
4/3/2024,7.8023
4/4/2024,7.8501
4/5/2024,7.8421
4/8/2024,7.8282
4/9/2024,7.8603
4/10/2024,7.8548
4/11/2024,7.7646
4/12/2024,7.7094
4/15/2024,7.7134
4/16/2024,7.6995
4/17/2024,7.7006
4/18/2024,7.7294
4/19/2024,7.7139
4/22/2024,7.7012
4/23/2024,7.7353
4/24/2024,7.7431
4/25/2024,7.7682
4/26/2024,7.7638
4/29/2024,7.7627
4/30/2024,7.7609
5/2/2024,7.7465
5/3/2024,7.7798
5/6/2024,7.7662
5/7/2024,7.7707
5/8/2024,7.7651
5/9/2024,7.7554
5/10/2024,7.7877
5/13/2024,7.8095
5/14/2024,7.8103
5/15/2024,7.8212
5/16/2024,7.843
5/17/2024,7.837
5/20/2024,7.856
5/21/2024,7.861
5/22/2024,7.8414
5/23/2024,7.8578
5/24/2024,7.8522
5/27/2024,7.8545
5/28/2024,7.8842
5/29/2024,7.8706
5/30/2024,7.8261
5/31/2024,7.8577
6/3/2024,7.8562
6/4/2024,7.863
6/5/2024,7.8795
6/6/2024,7.8715
6/7/2024,7.8916
6/10/2024,7.7957
6/11/2024,7.7839
6/12/2024,7.8086
6/13/2024,7.8211
6/14/2024,7.7529
6/17/2024,7.7728
6/18/2024,7.7748
6/19/2024,7.8005
6/20/2024,7.7825
6/21/2024,7.7602
6/24/2024,7.7891
6/25/2024,7.7811
6/26/2024,7.7673
6/27/2024,7.7745
6/28/2024,7.7748
7/1/2024,7.8097
7/2/2024,7.8014
7/3/2024,7.8247
7/4/2024,7.8515
7/5/2024,7.8655
7/8/2024,7.8766
7/9/2024,7.8639
7/10/2024,7.8763
7/11/2024,7.8862
7/12/2024,7.8984
7/15/2024,7.9206
7/16/2024,7.9223
7/17/2024,7.9372
7/18/2024,7.9327
7/19/2024,7.9165
7/22/2024,7.9191
7/23/2024,7.9003
7/24/2024,7.8934
7/25/2024,7.8331
7/26/2024,7.875
7/29/2024,7.8518
7/30/2024,7.8489
7/31/2024,7.8194
8/1/2024,7.8203
8/2/2024,7.8075
8/5/2024,7.8046
8/6/2024,7.8071
8/7/2024,7.8425
8/8/2024,7.8393
8/9/2024,7.828
8/12/2024,7.8439
8/13/2024,7.8301
8/14/2024,7.8627
8/15/2024,7.8816
8/16/2024,7.8758
8/19/2024,7.8848
8/20/2024,7.9192
8/21/2024,7.9306
8/22/2024,7.9491
8/23/2024,7.9364
8/26/2024,7.9512
8/27/2024,7.9547
8/28/2024,7.9253
8/29/2024,7.8653
8/30/2024,7.8585
9/2/2024,7.8677
9/3/2024,7.8614
9/4/2024,7.8648
9/5/2024,7.8739
9/6/2024,7.865
9/9/2024,7.8589
9/10/2024,7.853
9/11/2024,7.8534
9/12/2024,7.8441
9/13/2024,7.8634
9/16/2024,7.8953
9/17/2024,7.9046
9/18/2024,7.8797
9/19/2024,7.8827
9/20/2024,7.8776
9/23/2024,7.8438
9/24/2024,7.829
9/25/2024,7.8692
9/26/2024,7.8213
9/27/2024,7.823
9/30/2024,7.8511
10/1/2024,7.7807
10/2/2024,7.7702
10/3/2024,7.7477
10/4/2024,7.7407
10/7/2024,7.7077
10/8/2024,7.7449
10/9/2024,7.7435
10/10/2024,7.7376
10/11/2024,7.7282
10/14/2024,7.7332
10/15/2024,7.7574
10/16/2024,7.7511
10/17/2024,7.7385
10/18/2024,7.7065
10/21/2024,7.7198
10/22/2024,7.7052
10/23/2024,7.6759
10/24/2024,7.6848
10/25/2024,7.7123
10/28/2024,7.7099
10/29/2024,7.6895
10/30/2024,7.7054
10/31/2024,7.7436
11/1/2024,7.7403
11/4/2024,7.7363
11/5/2024,7.7405
11/6/2024,7.6779
11/7/2024,7.7159
11/8/2024,7.7233
11/11/2024,7.6719
11/12/2024,7.6781
11/13/2024,7.6626
11/14/2024,7.6267
11/15/2024,7.6492
11/18/2024,7.6442
11/19/2024,7.6578
11/20/2024,7.6528
11/21/2024,7.6204
11/22/2024,7.5458
11/25/2024,7.6018
11/26/2024,7.6265
11/27/2024,7.6347
11/28/2024,7.6403
11/29/2024,7.6484
12/2/2024,7.6421
12/3/2024,7.6589
12/4/2024,7.6285
12/5/2024,7.6577
12/6/2024,7.6852
12/9/2024,7.677
12/10/2024,7.6354
12/11/2024,7.6318
12/12/2024,7.6272
12/13/2024,7.651
12/16/2024,7.6463
12/17/2024,7.6464
12/18/2024,7.6463
12/19/2024,7.5858
12/20/2024,7.5831
12/23/2024,7.5861
12/24/2024,7.5843
12/27/2024,7.6169
12/30/2024,7.6234
12/31/2024,7.5833
1/2/2025,7.5338
1/3/2025,7.5371
1/6/2025,7.6284
1/7/2025,7.6142
1/8/2025,7.5413
1/9/2025,7.5558
1/10/2025,7.5542
1/13/2025,7.4771
1/14/2025,7.5108
1/15/2025,7.5515
1/16/2025,7.5311
1/17/2025,7.5474
1/20/2025,7.5431
1/21/2025,7.5443
1/22/2025,7.5892
1/23/2025,7.5829
1/24/2025,7.5891
1/27/2025,7.6306
1/28/2025,7.5517
1/29/2025,7.5385
1/30/2025,7.5436
1/31/2025,7.5363
2/3/2025,7.45
2/4/2025,7.4943
2/5/2025,7.5797
2/6/2025,7.5511
2/7/2025,7.5634
2/10/2025,7.5395
2/11/2025,7.544
2/12/2025,7.5794
2/13/2025,7.5817
2/14/2025,7.6141
2/17/2025,7.6066
2/18/2025,7.6056
2/19/2025,7.6017
2/20/2025,7.5807
2/21/2025,7.5933
2/24/2025,7.5879
2/25/2025,7.6219
2/26/2025,7.6125
2/27/2025,7.6127
2/28/2025,7.5782
3/3/2025,7.6282
3/4/2025,7.6614
3/5/2025,7.7675
3/6/2025,7.8247
3/7/2025,7.8561
3/10/2025,7.8718
3/11/2025,7.8929
3/12/2025,7.8848
3/13/2025,7.8493
3/14/2025,7.8822
3/17/2025,7.8869
3/18/2025,7.8907
3/19/2025,7.8786
3/20/2025,7.8481
3/21/2025,7.8477
3/24/2025,7.8513
3/25/2025,7.8571
3/26/2025,7.8381
3/27/2025,7.8361
3/28/2025,7.8445
3/31/2025,7.8442
4/1/2025,7.8431
4/2/2025,7.8529
4/3/2025,8.0919
4/4/2025,8.0518
4/7/2025,8.0155
4/8/2025,8.0359
4/9/2025,8.1179
4/10/2025,8.1137
4/11/2025,8.2819
4/14/2025,8.3196
4/15/2025,8.2835
4/16/2025,8.2961
4/17/2025,8.29
4/22/2025,8.3929
4/23/2025,8.3199
4/24/2025,8.2925
4/25/2025,8.2773
4/28/2025,8.2891
4/29/2025,8.2715
4/30/2025,8.2635
5/2/2025,8.2479
5/5/2025,8.2479
5/6/2025,8.1735
5/7/2025,8.2079
5/8/2025,8.1764
5/9/2025,8.147
5/12/2025,7.9999
5/13/2025,8.0021
5/14/2025,8.0794
5/15/2025,8.0661
5/16/2025,8.0659
5/19/2025,8.1225
5/20/2025,8.1154
5/21/2025,8.155
5/22/2025,8.1477
5/23/2025,8.1197
5/26/2025,8.1795
5/27/2025,8.1709
5/28/2025,8.1402
5/29/2025,8.1093
5/30/2025,8.1576
6/2/2025,8.2214
6/3/2025,8.1841
6/4/2025,8.1835
6/5/2025,8.2008
6/6/2025,8.1955
6/9/2025,8.1943
6/10/2025,8.2115
6/11/2025,8.2172
6/12/2025,8.3201
6/13/2025,8.2682
6/16/2025,8.3102
6/17/2025,8.3091
6/18/2025,8.2723
6/19/2025,8.2496
6/20/2025,8.2643
6/23/2025,8.2442
6/24/2025,8.3262
6/25/2025,8.321
6/26/2025,8.3862
6/27/2025,8.3939
6/30/2025,8.397
7/1/2025,8.4584
7/2/2025,8.4275
7/3/2025,8.4377
7/4/2025,8.4285
7/7/2025,8.4128
7/8/2025,8.4066
7/9/2025,8.3993
7/10/2025,8.401
7/11/2025,8.3741
7/14/2025,8.3785
7/15/2025,8.3673
7/16/2025,8.3309
7/17/2025,8.3157
7/18/2025,8.3623
7/21/2025,8.3726
7/22/2025,8.394
7/23/2025,8.3961
7/24/2025,8.4142
7/25/2025,8.4046
7/28/2025,8.3605
7/29/2025,8.2778
7/30/2025,8.2783
7/31/2025,8.235
8/1/2025,8.2243
8/4/2025,8.2993
8/5/2025,8.2986
8/6/2025,8.3383
8/7/2025,8.3587
8/8/2025,8.3677
8/11/2025,8.35
8/12/2025,8.3416
8/13/2025,8.402
8/14/2025,8.3824
8/15/2025,8.3909
8/18/2025,8.3798
8/19/2025,8.3866
8/20/2025,8.3609
8/21/2025,8.3547
8/22/2025,8.3333
8/25/2025,8.3709
8/26/2025,8.3427
8/27/2025,8.3027
8/28/2025,8.3266
8/29/2025,8.3155
9/1/2025,8.3581
9/2/2025,8.3202
9/3/2025,8.3268
9/4/2025,8.3168
9/5/2025,8.3489
9/8/2025,8.3619
9/9/2025,8.3635
9/10/2025,8.3387
9/11/2025,8.3252
9/12/2025,8.3461
9/15/2025,8.3795
9/16/2025,8.401
9/17/2025,8.4092
9/18/2025,8.3973
9/19/2025,8.351
9/22/2025,8.3788
9/23/2025,8.3869
9/24/2025,8.3786
9/25/2025,8.363
9/26/2025,8.3308
9/29/2025,8.3482
9/30/2025,8.3591
10/1/2025,8.347
10/2/2025,8.3683
10/3/2025,8.3541
10/6/2025,8.3142
10/7/2025,8.3057
10/8/2025,8.2779
10/9/2025,8.2698
10/10/2025,8.2397
10/13/2025,8.2511
10/14/2025,8.2488
10/15/2025,8.2823
10/16/2025,8.3009
10/17/2025,8.3196
10/20/2025,8.3024
10/21/2025,8.2626
10/22/2025,8.2576
10/23/2025,8.2593
10/24/2025,8.2706
10/27/2025,8.2731
10/28/2025,8.2589
10/29/2025,8.2609
10/30/2025,8.217
10/31/2025,8.222
11/3/2025,8.1987
11/4/2025,8.1877
11/5/2025,8.1905
11/6/2025,8.2109
11/7/2025,8.2324
11/10/2025,8.2377
11/11/2025,8.2397
11/12/2025,8.2381
11/13/2025,8.245
11/14/2025,8.2655
11/17/2025,8.2398
11/18/2025,8.241
11/19/2025,8.2359
11/20/2025,8.1908
11/21/2025,8.1905
11/24/2025,8.1833
11/25/2025,8.1845
11/26/2025,8.1959
11/27/2025,8.2068
11/28/2025,8.1836
12/1/2025,8.2358
12/2/2025,8.2123
12/3/2025,8.2421
12/4/2025,8.2498
12/5/2025,8.2333
12/8/2025,8.2378
12/9/2025,8.2207
12/10/2025,8.2165
12/11/2025,8.2678
12/12/2025,8.2759
12/15/2025,8.2824
12/16/2025,8.293
12/17/2025,8.2569
12/18/2025,8.2517
12/19/2025,8.2465
12/22/2025,8.265
12/23/2025,8.2833
12/24/2025,8.2679
12/29/2025,8.2438
12/30/2025,8.2216
12/31/2025,8.2262
1/2/2026,8.1973
1/5/2026,8.1478
1/6/2026,8.1766
1/7/2026,8.1685
1/8/2026,8.1513
1/9/2026,8.1288
1/12/2026,8.1529
1/13/2026,8.1294
1/14/2026,8.1247
1/15/2026,8.0988
1/16/2026,8.0967
1/19/2026,8.0991
1/20/2026,8.1614
1/21/2026,8.1749
1/22/2026,8.1658
1/23/2026,8.1778
1/26/2026,8.2312
1/27/2026,8.2964
1/28/2026,8.3176
1/29/2026,8.3132
1/30/2026,8.2834
2/2/2026,8.221
2/3/2026,8.1877
2/4/2026,8.2051
2/5/2026,8.1869
2/6/2026,8.1838
2/9/2026,8.2281
2/10/2026,8.2245
2/11/2026,8.2245
2/12/2026,8.1944
2/13/2026,8.195
2/16/2026,8.1902
2/17/2026,8.1702
2/18/2026,8.1833
2/19/2026,8.1197
2/20/2026,8.1294
2/23/2026,8.1412
2/24/2026,8.1046
2/25/2026,8.095
2/26/2026,8.0823
2/27/2026,8.0961
3/2/2026,8.0512
3/3/2026,8.017
3/4/2026,8.0347
3/5/2026,8.0177
3/6/2026,7.9825
3/9/2026,7.9929
3/10/2026,8.0057
3/11/2026,7.9518
3/12/2026,7.9316
3/13/2026,7.9145
3/16/2026,7.9154
3/17/2026,7.9412
3/18/2026,7.9214
3/19/2026,7.9279
3/20/2026,7.9664
